MSSubClass,LotFrontage,LotArea,LotShape,LandSlope,OverallQual,OverallCond,YearBuilt,YearRemodAdd,MasVnrArea,ExterQual,ExterCond,BsmtQual,BsmtCond,BsmtExposure,BsmtFinType1,BsmtFinSF1,BsmtFinType2,BsmtFinSF2,BsmtUnfSF,TotalBsmtSF,HeatingQC,CentralAir,1stFlrSF,2ndFlrSF,LowQualFinSF,GrLivArea,BsmtFullBath,BsmtHalfBath,FullBath,HalfBath,BedroomAbvGr,KitchenAbvGr,KitchenQual,TotRmsAbvGrd,Functional,Fireplaces,FireplaceQu,GarageYrBlt,GarageFinish,GarageCars,GarageArea,GarageQual,GarageCond,PavedDrive,WoodDeckSF,OpenPorchSF,EnclosedPorch,3SsnPorch,ScreenPorch,PoolArea,MiscVal,MoSold,YrSold,SalePrice,TotalSF,HouseAge,QualCond,MSZoning_C (all),MSZoning_FV,MSZoning_RH,MSZoning_RL,MSZoning_RM,LandContour_Bnk,LandContour_HLS,LandContour_Low,LandContour_Lvl,LotConfig_Corner,LotConfig_CulDSac,LotConfig_FR2,LotConfig_FR3,LotConfig_Inside,Neighborhood_Blmngtn,Neighborhood_Blueste,Neighborhood_BrDale,Neighborhood_BrkSide,Neighborhood_ClearCr,Neighborhood_CollgCr,Neighborhood_Crawfor,Neighborhood_Edwards,Neighborhood_Gilbert,Neighborhood_IDOTRR,Neighborhood_MeadowV,Neighborhood_Mitchel,Neighborhood_NAmes,Neighborhood_NPkVill,Neighborhood_NWAmes,Neighborhood_NoRidge,Neighborhood_NridgHt,Neighborhood_OldTown,Neighborhood_SWISU,Neighborhood_Sawyer,Neighborhood_SawyerW,Neighborhood_Somerst,Neighborhood_StoneBr,Neighborhood_Timber,Neighborhood_Veenker,Condition1_Artery,Condition1_Feedr,Condition1_Norm,Condition1_PosA,Condition1_PosN,Condition1_RRAe,Condition1_RRAn,Condition1_RRNe,Condition1_RRNn,BldgType_1Fam,BldgType_2fmCon,BldgType_Duplex,BldgType_Twnhs,BldgType_TwnhsE,HouseStyle_1.5Fin,HouseStyle_1.5Unf,HouseStyle_1Story,HouseStyle_2.5Fin,HouseStyle_2.5Unf,HouseStyle_2Story,HouseStyle_SFoyer,HouseStyle_SLvl,RoofStyle_Flat,RoofStyle_Gable,RoofStyle_Gambrel,RoofStyle_Hip,RoofStyle_Mansard,RoofStyle_Shed,Exterior1st_AsbShng,Exterior1st_AsphShn,Exterior1st_BrkComm,Exterior1st_BrkFace,Exterior1st_CBlock,Exterior1st_CemntBd,Exterior1st_HdBoard,Exterior1st_ImStucc,Exterior1st_MetalSd,Exterior1st_Plywood,Exterior1st_Stone,Exterior1st_Stucco,Exterior1st_VinylSd,Exterior1st_Wd Sdng,Exterior1st_WdShing,Exterior2nd_AsbShng,Exterior2nd_AsphShn,Exterior2nd_Brk Cmn,Exterior2nd_BrkFace,Exterior2nd_CBlock,Exterior2nd_CmentBd,Exterior2nd_HdBoard,Exterior2nd_ImStucc,Exterior2nd_MetalSd,Exterior2nd_Other,Exterior2nd_Plywood,Exterior2nd_Stone,Exterior2nd_Stucco,Exterior2nd_VinylSd,Exterior2nd_Wd Sdng,Exterior2nd_Wd Shng,Foundation_BrkTil,Foundation_CBlock,Foundation_PConc,Foundation_Slab,Foundation_Stone,Foundation_Wood,Electrical_FuseA,Electrical_FuseF,Electrical_FuseP,Electrical_Mix,Electrical_SBrkr,GarageType_2Types,GarageType_Attchd,GarageType_Basment,GarageType_BuiltIn,GarageType_CarPort,GarageType_Detchd,GarageType_None,SaleType_COD,SaleType_CWD,SaleType_Con,SaleType_ConLD,SaleType_ConLI,SaleType_ConLw,SaleType_New,SaleType_Oth,SaleType_WD,SaleCondition_Abnorml,SaleCondition_AdjLand,SaleCondition_Alloca,SaleCondition_Family,SaleCondition_Normal,SaleCondition_Partial
2.885846472488202,5.831327892742091,19.212182313188084,1.5409627556327752,0.0,2.440268378362637,1.8203341036428238,14.187526814497952,14.187526814497952,8.05912577550838,1.1943176378757767,1.8203341036428238,1.1943176378757767,1.8203341036428238,1.5409627556327752,1.1943176378757767,11.170326790619496,2.2596737867230705,0.0,7.483295642295591,11.69262258528247,0.0,0.7304631471189666,11.69262258528247,11.686189379390555,0.0,13.698887979000148,0.7304631471189666,0.0,1.1943176378757767,0.7304631471189666,1.5409627556327752,0.7304631471189666,1.1943176378757767,2.6025944687727294,2.2596737867230705,0.0,1.5409627556327752,14.187526814497952,1.1943176378757767,1.1943176378757767,10.506270963009685,2.055641538058108,2.055641538058108,1.1943176378757767,0.0,5.7146689026506605,0.0,0.0,0.0,0.0,0.0,1.8203341036428238,1.1943176378757767,3.156009111482345,14.97659057239571,,4.38094603344487,False,False,False,True,False,False,False,False,True,False,False,False,False,True,False,False,False,False,False,True,False,False,False,False,False,False,False,False,False,False,False,False,False,False,False,False,False,False,False,False,False,True,False,False,False,False,False,False,True,False,False,False,False,False,False,False,False,False,True,False,False,False,True,False,False,False,False,False,False,False,False,False,False,False,False,False,False,False,False,True,False,False,False,False,False,False,False,False,False,False,False,False,False,False,False,True,False,False,False,False,True,False,False,False,False,False,False,False,True,False,True,False,False,False,False,False,False,False,False,False,False,False,False,False,True,False,False,False,False,True,False
2.055641538058108,6.221213632878419,19.71220477890197,1.5409627556327752,0.0,2.2596737867230705,2.440268378362637,14.145138012244155,14.145138012244155,0.0,1.5409627556327752,1.8203341036428238,1.1943176378757767,1.8203341036428238,0.7304631471189666,0.0,12.062831653433358,2.2596737867230705,0.0,8.897843946804546,12.792276226358874,0.0,0.7304631471189666,12.792276226358874,0.0,0.0,12.792276226358874,0.0,0.7304631471189666,1.1943176378757767,0.0,1.5409627556327752,0.7304631471189666,1.5409627556327752,2.2596737867230705,2.2596737867230705,0.7304631471189666,2.055641538058108,14.145138012244155,1.1943176378757767,1.1943176378757767,10.06209830903299,2.055641538058108,2.055641538058108,1.1943176378757767,9.010205578972315,0.0,0.0,0.0,0.0,0.0,0.0,2.440268378362637,0.7304631471189666,3.140515835450359,14.923099981574879,,5.0533710494211155,False,False,False,True,False,False,False,False,True,False,False,True,False,False,False,False,False,False,False,False,False,False,False,False,False,False,False,False,False,False,False,False,False,False,False,False,False,False,True,False,True,False,False,False,False,False,False,False,True,False,False,False,False,False,False,True,False,False,False,False,False,False,True,False,False,False,False,False,False,False,False,False,False,False,False,True,False,False,False,False,False,False,False,False,False,False,False,False,False,False,True,False,False,False,False,False,False,False,False,True,False,False,False,False,False,False,False,False,True,False,True,False,False,False,False,False,False,False,False,False,False,False,False,False,True,False,False,False,False,True,False
2.885846472488202,5.914940018959451,20.347240908682487,0.0,0.0,2.440268378362637,1.8203341036428238,14.184403604277843,14.18596554073198,7.6465380079030645,1.1943176378757767,1.8203341036428238,1.1943176378757767,1.8203341036428238,1.1943176378757767,1.1943176378757767,10.200342662007953,2.2596737867230705,0.0,9.917059938656934,11.89203905911452,0.0,0.7304631471189666,11.89203905911452,11.724598476197201,0.0,13.83208545463177,0.7304631471189666,0.0,1.1943176378757767,0.7304631471189666,1.5409627556327752,0.7304631471189666,1.1943176378757767,2.2596737867230705,2.2596737867230705,0.7304631471189666,2.055641538058108,14.184403604277843,1.1943176378757767,1.1943176378757767,10.775536258885502,2.055641538058108,2.055641538058108,1.1943176378757767,0.0,5.0533710494211155,0.0,0.0,0.0,0.0,0.0,3.011340243262834,1.1943176378757767,3.1637185872950275,15.149677653282357,,4.38094603344487,False,False,False,True,False,False,False,False,True,False,False,False,False,True,False,False,False,False,False,True,False,False,False,False,False,False,False,False,False,False,False,False,False,False,False,False,False,False,False,False,False,True,False,False,False,False,False,False,True,False,False,False,False,False,False,False,False,False,True,False,False,False,True,False,False,False,False,False,False,False,False,False,False,False,False,False,False,False,False,True,False,False,False,False,False,False,False,False,False,False,False,False,False,False,False,True,False,False,False,False,True,False,False,False,False,False,False,False,True,False,True,False,False,False,False,False,False,False,False,False,False,False,False,False,True,False,False,False,False,True,False
3.011340243262834,5.684506656824126,19.691552676807884,0.0,0.0,2.440268378362637,1.8203341036428238,14.047528636178493,14.13565150293583,0.0,1.5409627556327752,1.8203341036428238,1.8203341036428238,0.7304631471189666,1.5409627556327752,0.0,8.274265741119429,2.2596737867230705,0.0,10.468499910096941,11.354094166792636,1.1943176378757767,0.7304631471189666,12.013683020322897,11.354094166792636,0.0,13.711364159471433,0.7304631471189666,0.0,0.7304631471189666,0.0,1.5409627556327752,0.7304631471189666,1.1943176378757767,2.440268378362637,2.2596737867230705,0.7304631471189666,1.1943176378757767,14.179713812657004,1.5409627556327752,1.5409627556327752,10.918252927785401,2.055641538058108,2.055641538058108,1.1943176378757767,0.0,4.745132396064701,8.797735592116597,0.0,0.0,0.0,0.0,1.8203341036428238,0.0,3.111134303468447,14.857120810745197,,4.38094603344487,False,False,False,True,False,False,False,False,True,True,False,False,False,False,False,False,False,False,False,False,True,False,False,False,False,False,False,False,False,False,False,False,False,False,False,False,False,False,False,False,False,True,False,False,False,False,False,False,True,False,False,False,False,False,False,False,False,False,True,False,False,False,True,False,False,False,False,False,False,False,False,False,False,False,False,False,False,False,False,False,True,False,False,False,False,False,False,False,False,False,False,False,False,False,False,False,False,True,True,False,False,False,False,False,False,False,False,False,True,False,False,False,False,False,True,False,False,False,False,False,False,False,False,False,True,True,False,False,False,False,False
2.885846472488202,6.314734756825906,21.32515985291932,0.0,0.0,2.6025944687727294,1.8203341036428238,14.18284100452303,14.18284100452303,9.391827134755262,1.1943176378757767,1.8203341036428238,1.1943176378757767,1.8203341036428238,0.0,1.1943176378757767,10.971129399749735,2.2596737867230705,0.0,10.221051196470764,12.510587913259402,0.0,0.7304631471189666,12.510587913259402,12.271364745626231,0.0,14.480029495615659,0.7304631471189666,0.0,1.1943176378757767,0.7304631471189666,1.8203341036428238,0.7304631471189666,1.1943176378757767,2.750250297485029,2.2596737867230705,0.7304631471189666,2.055641538058108,14.18284100452303,1.1943176378757767,1.5409627556327752,11.627707599932261,2.055641538058108,2.055641538058108,1.1943176378757767,8.013883697367245,6.314734756825906,0.0,0.0,0.0,0.0,0.0,1.5409627556327752,1.1943176378757767,3.1760811975415466,15.852311573332502,,4.5971567117081165,False,False,False,True,False,False,False,False,True,False,False,True,False,False,False,False,False,False,False,False,False,False,False,False,False,False,False,False,False,True,False,False,False,False,False,False,False,False,False,False,False,True,False,False,False,False,False,False,True,False,False,False,False,False,False,False,False,False,True,False,False,False,True,False,False,False,False,False,False,False,False,False,False,False,False,False,False,False,False,True,False,False,False,False,False,False,False,False,False,False,False,False,False,False,False,True,False,False,False,False,True,False,False,False,False,False,False,False,True,False,True,False,False,False,False,False,False,False,False,False,False,False,False,False,True,False,False,False,False,True,False
2.750250297485029,6.337529394588084,21.282282796539835,0.0,0.0,2.055641538058108,1.8203341036428238,14.171884182186483,14.175018034740056,0.0,1.5409627556327752,1.8203341036428238,1.1943176378757767,1.8203341036428238,1.5409627556327752,1.1943176378757767,11.267216541031873,2.2596737867230705,0.0,5.80273872401839,11.493820273589396,0.0,0.7304631471189666,11.493820273589396,10.58957442477442,0.0,13.015962914755876,0.7304631471189666,0.0,0.7304631471189666,0.7304631471189666,0.7304631471189666,0.7304631471189666,1.5409627556327752,2.055641538058108,2.2596737867230705,0.0,1.5409627556327752,14.171884182186483,1.5409627556327752,1.1943176378757767,10.169007130464756,2.055641538058108,2.055641538058108,1.1943176378757767,4.969939052451073,4.492017742920502,0.0,9.178050664421775,0.0,0.0,11.147538247731704,0.7304631471189666,1.5409627556327752,3.113552675433295,14.421879332825283,,3.858806663498184,False,False,False,True,False,False,False,False,True,False,False,False,False,True,False,False,False,False,False,False,False,False,False,False,False,True,False,False,False,False,False,False,False,False,False,False,False,False,False,False,False,True,False,False,False,False,False,False,True,False,False,False,False,True,False,False,False,False,False,False,False,False,True,False,False,False,False,False,False,False,False,False,False,False,False,False,False,False,False,True,False,False,False,False,False,False,False,False,False,False,False,False,False,False,False,True,False,False,False,False,False,False,False,True,False,False,False,False,True,False,True,False,False,False,False,False,False,False,False,False,False,False,False,False,True,False,False,False,False,True,False
2.055641538058108,6.098626104970388,19.90752887285292,1.5409627556327752,0.0,2.6025944687727294,1.8203341036428238,14.189087426187385,14.19064737641105,7.944502934774821,1.1943176378757767,1.8203341036428238,0.0,1.8203341036428238,0.0,1.1943176378757767,13.031092624489567,2.2596737867230705,0.0,9.15574970587587,13.655780507688625,0.0,0.7304631471189666,13.67020725939639,0.0,0.0,13.67020725939639,0.7304631471189666,0.0,1.1943176378757767,0.0,1.5409627556327752,0.7304631471189666,1.1943176378757767,2.440268378362637,2.2596737867230705,0.7304631471189666,1.1943176378757767,14.189087426187385,1.1943176378757767,1.1943176378757767,10.89354133302396,2.055641538058108,2.055641538058108,1.1943176378757767,8.649311399960466,5.59142712460611,0.0,0.0,0.0,0.0,0.0,2.885846472488202,0.7304631471189666,3.198516000130207,15.889511511710909,,4.5971567117081165,False,False,False,True,False,False,False,False,True,False,False,False,False,True,False,False,False,False,False,False,False,False,False,False,False,False,False,False,False,False,False,False,False,False,False,True,False,False,False,False,False,True,False,False,False,False,False,False,True,False,False,False,False,False,False,True,False,False,False,False,False,False,True,False,False,False,False,False,False,False,False,False,False,False,False,False,False,False,False,True,False,False,False,False,False,False,False,False,False,False,False,False,False,False,False,True,False,False,False,False,True,False,False,False,False,False,False,False,True,False,True,False,False,False,False,False,False,False,False,False,False,False,False,False,True,False,False,False,False,True,False
2.885846472488202,6.221213632878419,20.023861568757013,0.0,0.0,2.440268378362637,2.055641538058108,14.14039782124357,14.14039782124357,8.511219710154146,1.5409627556327752,1.8203341036428238,1.1943176378757767,1.8203341036428238,1.1943176378757767,0.0,11.702248507491014,0.7304631471189666,4.5971567117081165,8.274265741119429,12.413831308023239,0.0,0.7304631471189666,12.413831308023239,12.077149047696544,0.0,14.320888266014626,0.7304631471189666,0.0,1.1943176378757767,0.7304631471189666,1.5409627556327752,0.7304631471189666,1.5409627556327752,2.440268378362637,2.2596737867230705,1.1943176378757767,2.055641538058108,14.14039782124357,1.1943176378757767,1.1943176378757767,10.18993412600693,2.055641538058108,2.055641538058108,1.1943176378757767,8.463563732298573,8.147315588624345,8.39538258223558,0.0,0.0,0.0,9.391827134755262,1.1943176378757767,1.5409627556327752,3.1513738027005695,15.702021223515466,,4.745132396064701,False,False,False,True,False,False,False,False,True,True,False,False,False,False,False,False,False,False,False,False,False,False,False,False,False,False,False,False,True,False,False,False,False,False,False,False,False,False,False,False,False,False,False,True,False,False,False,False,True,False,False,False,False,False,False,False,False,False,True,False,False,False,True,False,False,False,False,False,False,False,False,False,False,True,False,False,False,False,False,False,False,False,False,False,False,False,False,False,True,False,False,False,False,False,False,False,False,False,False,True,False,False,False,False,False,False,False,False,True,False,True,False,False,False,False,False,False,False,False,False,False,False,False,False,True,False,False,False,False,True,False
2.750250297485029,5.392276337227253,17.98987134386776,1.5409627556327752,0.0,2.440268378362637,1.8203341036428238,14.073383820784446,14.103851511653946,0.0,1.5409627556327752,1.8203341036428238,1.8203341036428238,1.8203341036428238,1.5409627556327752,2.2596737867230705,0.0,2.2596737867230705,0.0,11.987363555250518,11.987363555250518,1.1943176378757767,0.7304631471189666,12.186750882025454,11.339778687893531,0.0,13.811378405864021,0.0,0.0,1.1943176378757767,0.0,1.1943176378757767,1.1943176378757767,1.5409627556327752,2.6025944687727294,1.1943176378757767,1.1943176378757767,2.055641538058108,14.073383820784446,1.5409627556327752,1.1943176378757767,10.105326135535595,0.7304631471189666,2.055641538058108,1.1943176378757767,6.448232316019433,0.0,8.158132683068054,0.0,0.0,0.0,0.0,2.2596737867230705,1.1943176378757767,3.1025663784181625,15.173779778858885,,4.38094603344487,False,False,False,False,True,False,False,False,True,False,False,False,False,True,False,False,False,False,False,False,False,False,False,False,False,False,False,False,False,False,False,True,False,False,False,False,False,False,False,True,False,False,False,False,False,False,False,False,True,False,False,False,False,True,False,False,False,False,False,False,False,False,True,False,False,False,False,False,False,False,True,False,False,False,False,False,False,False,False,False,False,False,False,False,False,False,False,False,False,False,False,False,False,False,False,False,False,True,True,False,False,False,False,False,False,True,False,False,False,False,False,False,False,False,True,False,False,False,False,False,False,False,False,False,True,True,False,False,False,False,False
1.8203341036428238,5.357203202420049,18.712543705168287,1.5409627556327752,0.0,2.055641538058108,2.055641538058108,14.086243227218915,14.103851511653946,0.0,1.5409627556327752,1.8203341036428238,1.8203341036428238,1.8203341036428238,1.5409627556327752,1.1943176378757767,11.676515545860786,2.2596737867230705,0.0,7.33860727003853,12.099928771272056,0.0,0.7304631471189666,12.335431399519656,0.0,0.0,12.335431399519656,0.7304631471189666,0.0,0.7304631471189666,0.0,1.1943176378757767,1.1943176378757767,1.5409627556327752,2.055641538058108,2.2596737867230705,1.1943176378757767,2.055641538058108,14.086243227218915,1.1943176378757767,0.7304631471189666,8.158132683068054,1.1943176378757767,2.055641538058108,1.1943176378757767,0.0,1.8203341036428238,0.0,0.0,0.0,0.0,0.0,0.0,1.1943176378757767,3.0915095602134173,14.287616792935944,,4.2014612941903655,False,False,False,True,False,False,False,False,True,True,False,False,False,False,False,False,False,True,False,False,False,False,False,False,False,False,False,False,False,False,False,False,False,False,False,False,False,False,False,True,False,False,False,False,False,False,False,False,False,True,False,False,False,False,True,False,False,False,False,False,False,False,True,False,False,False,False,False,False,False,False,False,False,False,False,True,False,False,False,False,False,False,False,False,False,False,False,False,False,False,True,False,False,False,False,False,False,False,True,False,False,False,False,False,False,False,False,False,True,False,True,False,False,False,False,False,False,False,False,False,False,False,False,False,True,False,False,False,False,True,False
2.055641538058108,5.968980585391403,20.329199132676493,1.5409627556327752,0.0,2.055641538058108,1.8203341036428238,14.127727309259253,14.127727309259253,0.0,1.5409627556327752,1.8203341036428238,1.8203341036428238,1.8203341036428238,1.5409627556327752,2.055641538058108,11.849446822580239,2.2596737867230705,0.0,7.247551425168361,12.236142518909933,0.0,0.7304631471189666,12.236142518909933,0.0,0.0,12.236142518909933,0.7304631471189666,0.0,0.7304631471189666,0.0,1.5409627556327752,0.7304631471189666,1.5409627556327752,2.055641538058108,2.2596737867230705,0.0,1.5409627556327752,14.127727309259253,1.5409627556327752,0.7304631471189666,9.616086912297321,2.055641538058108,2.055641538058108,1.1943176378757767,0.0,0.0,0.0,0.0,0.0,0.0,0.0,1.8203341036428238,1.1943176378757767,3.1022125697692693,14.305801939760288,,3.858806663498184,False,False,False,True,False,False,False,False,True,False,False,False,False,True,False,False,False,False,False,False,False,False,False,False,False,False,False,False,False,False,False,False,False,True,False,False,False,False,False,False,False,True,False,False,False,False,False,False,True,False,False,False,False,False,False,True,False,False,False,False,False,False,False,False,True,False,False,False,False,False,False,False,False,True,False,False,False,False,False,False,False,False,False,False,False,False,False,False,True,False,False,False,False,False,False,False,False,False,False,True,False,False,False,False,False,False,False,False,True,False,False,False,False,False,True,False,False,False,False,False,False,False,False,False,True,False,False,False,False,True,False
2.885846472488202,6.337529394588084,20.5840230706303,0.0,0.0,2.750250297485029,1.8203341036428238,14.19064737641105,14.192206665778837,8.914178988939392,0.0,1.8203341036428238,0.0,1.8203341036428238,1.5409627556327752,1.1943176378757767,12.119733293613171,2.2596737867230705,0.0,7.836797333082112,12.585066747225241,0.0,0.7304631471189666,12.602212469658957,12.50304918615027,0.0,14.657505709325996,0.7304631471189666,0.0,1.5409627556327752,0.0,1.8203341036428238,0.7304631471189666,0.0,3.011340243262834,2.2596737867230705,1.1943176378757767,1.1943176378757767,14.19064737641105,0.0,1.5409627556327752,11.281862458951347,2.055641538058108,2.055641538058108,1.1943176378757767,7.440766394665012,3.9325102940665544,0.0,0.0,0.0,0.0,0.0,2.750250297485029,0.0,3.211135339043524,16.006853293830908,,4.792129643835174,False,False,False,True,False,False,False,False,True,False,False,False,False,True,False,False,False,False,False,False,False,False,False,False,False,False,False,False,False,False,True,False,False,False,False,False,False,False,False,False,False,True,False,False,False,False,False,False,True,False,False,False,False,False,False,False,False,False,True,False,False,False,False,False,True,False,False,False,False,False,False,False,False,False,False,False,False,False,False,False,False,True,False,False,False,False,False,False,False,False,False,False,False,False,False,False,False,True,False,False,True,False,False,False,False,False,False,False,True,False,False,False,True,False,False,False,False,False,False,False,False,False,True,False,False,False,False,False,False,False,True
2.055641538058108,6.02174235239564,20.929242989762106,0.7304631471189666,0.0,2.055641538058108,2.055641538058108,14.12296456685685,14.12296456685685,0.0,1.5409627556327752,1.8203341036428238,1.8203341036428238,1.8203341036428238,1.5409627556327752,0.0,11.285513379074875,2.2596737867230705,0.0,7.812235750158614,11.867768587390184,1.8203341036428238,0.7304631471189666,11.867768587390184,0.0,0.0,11.867768587390184,0.7304631471189666,0.0,0.7304631471189666,0.0,1.1943176378757767,0.7304631471189666,1.5409627556327752,1.8203341036428238,2.2596737867230705,0.0,1.5409627556327752,14.12296456685685,1.5409627556327752,0.7304631471189666,9.405519221765948,2.055641538058108,2.055641538058108,1.1943176378757767,7.33860727003853,0.0,0.0,0.0,7.824546029563348,0.0,0.0,3.011340243262834,1.1943176378757767,3.114346798377085,13.896887111612605,,4.2014612941903655,False,False,False,True,False,False,False,False,True,False,False,False,False,True,False,False,False,False,False,False,False,False,False,False,False,False,False,False,False,False,False,False,False,True,False,False,False,False,False,False,False,True,False,False,False,False,False,False,True,False,False,False,False,False,False,True,False,False,False,False,False,False,False,False,True,False,False,False,False,False,False,False,False,True,False,False,False,False,False,False,False,False,False,False,False,False,False,False,False,False,False,False,True,False,False,False,False,False,False,True,False,False,False,False,False,False,False,False,True,False,False,False,False,False,True,False,False,False,False,False,False,False,False,False,True,False,False,False,False,True,False
2.055641538058108,6.469749997220178,20.12683835285793,0.0,0.0,2.440268378362637,1.8203341036428238,14.192206665778837,14.193765294899785,9.072418929401417,1.1943176378757767,1.8203341036428238,1.1943176378757767,1.8203341036428238,0.0,2.2596737867230705,0.0,2.2596737867230705,0.0,13.290777357050553,13.290777357050553,0.0,0.7304631471189666,13.290777357050553,0.0,0.0,13.290777357050553,0.0,0.0,1.1943176378757767,0.0,1.5409627556327752,0.7304631471189666,1.1943176378757767,2.440268378362637,2.2596737867230705,0.7304631471189666,1.1943176378757767,14.192206665778837,1.1943176378757767,1.5409627556327752,11.640795289083194,2.055641538058108,2.055641538058108,1.1943176378757767,7.620056264664793,4.6477085871174175,0.0,0.0,0.0,0.0,0.0,2.885846472488202,0.7304631471189666,3.188300973487335,15.476392893044725,,4.38094603344487,False,False,False,True,False,False,False,False,True,False,False,False,False,True,False,False,False,False,False,True,False,False,False,False,False,False,False,False,False,False,False,False,False,False,False,False,False,False,False,False,False,True,False,False,False,False,False,False,True,False,False,False,False,False,False,True,False,False,False,False,False,False,True,False,False,False,False,False,False,False,False,False,False,False,False,False,False,False,False,True,False,False,False,False,False,False,False,False,False,False,False,False,False,False,False,True,False,False,False,False,True,False,False,False,False,False,False,False,True,False,True,False,False,False,False,False,False,False,False,False,False,False,True,False,False,False,False,False,False,False,True
2.055641538058108,6.047663906109832,20.226881370386884,0.0,0.0,2.2596737867230705,1.8203341036428238,14.119785966903773,14.119785966903773,8.232627042257835,1.5409627556327752,1.8203341036428238,1.8203341036428238,1.8203341036428238,1.5409627556327752,0.7304631471189666,11.27088437740026,2.2596737867230705,0.0,10.371952633774395,12.77141361211901,1.8203341036428238,0.7304631471189666,12.77141361211901,0.0,0.0,12.77141361211901,0.7304631471189666,0.0,0.7304631471189666,0.7304631471189666,1.1943176378757767,0.7304631471189666,1.5409627556327752,2.055641538058108,2.2596737867230705,0.7304631471189666,0.7304631471189666,14.119785966903773,1.1943176378757767,0.7304631471189666,9.405519221765948,2.055641538058108,2.055641538058108,1.1943176378757767,0.0,8.243098627365722,7.824546029563348,0.0,0.0,0.0,0.0,2.440268378362637,1.1943176378757767,3.124166080487098,14.899943641432285,,4.137710644618417,False,False,False,True,False,False,False,False,True,True,False,False,False,False,False,False,False,False,False,False,False,False,False,False,False,False,True,False,False,False,False,False,False,False,False,False,False,False,False,False,False,True,False,False,False,False,False,False,True,False,False,False,False,False,False,True,False,False,False,False,False,False,False,False,True,False,False,False,False,False,False,False,False,False,False,True,False,False,False,False,False,False,False,False,False,False,False,False,False,False,True,False,False,False,False,False,False,False,False,True,False,False,False,False,False,False,False,False,True,False,True,False,False,False,False,False,False,False,False,False,False,False,False,False,True,False,False,False,False,True,False
2.6025944687727294,5.392276337227253,17.98987134386776,1.5409627556327752,0.0,2.440268378362637,2.440268378362637,14.07016189825648,14.184403604277843,0.0,1.5409627556327752,1.8203341036428238,1.8203341036428238,1.8203341036428238,1.5409627556327752,2.2596737867230705,0.0,2.2596737867230705,0.0,11.614566638515486,11.614566638515486,0.0,0.7304631471189666,11.686189379390555,0.0,0.0,11.686189379390555,0.0,0.0,0.7304631471189666,0.0,1.1943176378757767,0.7304631471189666,1.5409627556327752,2.055641538058108,2.2596737867230705,0.0,1.5409627556327752,14.168747656702982,1.5409627556327752,1.1943176378757767,10.634887347225343,2.055641538058108,2.055641538058108,1.1943176378757767,5.285266416806648,6.881187323763808,0.0,0.0,0.0,0.0,0.0,2.750250297485029,0.7304631471189666,3.10440501145119,13.655780507688625,,5.3215405626377255,False,False,False,False,True,False,False,False,True,True,False,False,False,False,False,False,False,True,False,False,False,False,False,False,False,False,False,False,False,False,False,False,False,False,False,False,False,False,False,False,False,True,False,False,False,False,False,False,True,False,False,False,False,False,True,False,False,False,False,False,False,False,True,False,False,False,False,False,False,False,False,False,False,False,False,False,False,False,False,False,True,False,False,False,False,False,False,False,False,False,False,False,False,False,False,False,True,False,True,False,False,False,False,False,True,False,False,False,False,False,False,False,False,False,True,False,False,False,False,False,False,False,False,False,True,False,False,False,False,True,False
2.055641538058108,6.047663906109832,20.343998425380768,0.0,0.0,2.2596737867230705,2.2596737867230705,14.13565150293583,14.13565150293583,7.873203454932757,1.5409627556327752,1.8203341036428238,1.8203341036428238,1.8203341036428238,1.5409627556327752,0.0,10.643869732390646,2.2596737867230705,0.0,9.870950045978935,12.136614936437766,0.0,0.7304631471189666,12.136614936437766,0.0,0.0,12.136614936437766,0.7304631471189666,0.0,0.7304631471189666,0.0,1.1943176378757767,0.7304631471189666,1.5409627556327752,2.055641538058108,2.2596737867230705,0.7304631471189666,2.055641538058108,14.13565150293583,0.0,1.1943176378757767,10.169007130464756,2.055641538058108,2.055641538058108,1.1943176378757767,0.0,0.0,0.0,0.0,0.0,0.0,11.147538247731704,2.055641538058108,1.8203341036428238,3.1182311978182513,14.19532326438205,,4.792129643835174,False,False,False,True,False,False,False,False,True,False,True,False,False,False,False,False,False,False,False,False,False,False,False,False,False,False,True,False,False,False,False,False,False,False,False,False,False,False,False,False,False,True,False,False,False,False,False,False,True,False,False,False,False,False,False,True,False,False,False,False,False,False,True,False,False,False,False,False,False,False,False,False,False,False,False,False,False,False,False,False,True,False,False,False,False,False,False,False,False,False,False,False,False,False,False,False,True,False,False,True,False,False,False,False,False,False,False,False,True,False,True,False,False,False,False,False,False,False,False,False,False,False,False,False,True,False,False,False,False,True,False
3.4381104434026533,6.02174235239564,20.17898998870793,1.5409627556327752,0.0,1.8203341036428238,1.8203341036428238,14.1308990400563,14.1308990400563,0.0,1.5409627556327752,1.8203341036428238,1.5409627556327752,1.1943176378757767,1.8203341036428238,1.8203341036428238,0.0,1.8203341036428238,0.0,0.0,0.0,1.8203341036428238,0.7304631471189666,12.869967192359528,0.0,0.0,12.869967192359528,0.0,0.0,1.1943176378757767,0.0,1.1943176378757767,1.1943176378757767,1.5409627556327752,2.2596737867230705,2.2596737867230705,0.0,1.5409627556327752,14.1308990400563,1.5409627556327752,1.1943176378757767,10.35226609224141,2.055641538058108,2.055641538058108,1.1943176378757767,0.0,0.0,0.0,0.0,0.0,0.0,10.272201962485882,0.7304631471189666,0.0,3.059949608773269,12.869967192359528,,3.5304192649587702,False,False,False,True,False,False,False,False,True,False,False,False,False,True,False,False,False,False,False,False,False,False,False,False,False,False,False,False,False,False,False,False,False,True,False,False,False,False,False,False,False,True,False,False,False,False,False,False,False,False,True,False,False,False,False,True,False,False,False,False,False,False,True,False,False,False,False,False,False,False,False,False,False,False,False,True,False,False,False,False,False,False,False,False,False,False,False,False,False,False,True,False,False,False,False,False,False,False,False,False,False,True,False,False,False,False,False,False,True,False,False,False,False,True,False,False,False,False,False,False,False,False,False,False,True,False,False,False,False,True,False
2.055641538058108,5.859551208605442,21.15593916413874,1.5409627556327752,0.0,2.055641538058108,1.8203341036428238,14.189087426187385,14.189087426187385,0.0,1.5409627556327752,1.8203341036428238,1.8203341036428238,1.8203341036428238,1.5409627556327752,1.1943176378757767,10.934618655762018,2.2596737867230705,0.0,10.105326135535595,12.431864645976223,0.0,0.7304631471189666,12.431864645976223,0.0,0.0,12.431864645976223,0.7304631471189666,0.0,0.7304631471189666,0.7304631471189666,1.5409627556327752,0.7304631471189666,1.1943176378757767,2.2596737867230705,2.2596737867230705,0.0,1.5409627556327752,14.189087426187385,1.5409627556327752,1.1943176378757767,10.634887347225343,2.055641538058108,2.055641538058108,1.1943176378757767,0.0,6.694190605394483,0.0,0.0,0.0,0.0,0.0,2.6025944687727294,1.1943176378757767,3.125599480572271,14.523054953943134,,3.858806663498184,False,False,False,True,False,False,False,False,True,False,False,False,False,True,False,False,False,False,False,False,False,False,False,False,False,False,False,False,False,False,False,False,False,False,True,False,False,False,False,False,False,False,False,False,True,False,False,False,True,False,False,False,False,False,False,True,False,False,False,False,False,False,True,False,False,False,False,False,False,False,False,False,False,False,False,False,False,False,False,True,False,False,False,False,False,False,False,False,False,False,False,False,False,False,False,True,False,False,False,False,True,False,False,False,False,False,False,False,True,False,False,False,False,False,True,False,False,False,False,False,False,False,False,False,True,False,False,False,False,True,False
2.055641538058108,5.968980585391403,18.783792766557852,1.5409627556327752,0.0,2.055641538058108,2.055641538058108,14.116604610212223,14.127727309259253,0.0,1.5409627556327752,1.8203341036428238,1.8203341036428238,1.8203341036428238,1.5409627556327752,1.5409627556327752,10.292419534723528,2.2596737867230705,0.0,10.396380943459564,12.206045858465664,1.8203341036428238,0.7304631471189666,12.965781553875194,0.0,0.0,12.965781553875194,0.0,0.0,0.7304631471189666,0.0,1.5409627556327752,0.7304631471189666,1.5409627556327752,2.2596737867230705,1.1943176378757767,0.0,1.5409627556327752,14.116604610212223,1.5409627556327752,0.7304631471189666,8.978566621047088,2.055641538058108,2.055641538058108,1.1943176378757767,0.0,0.0,0.0,0.0,0.0,0.0,0.0,2.440268378362637,1.5409627556327752,3.110315882076626,14.717557581526307,,4.2014612941903655,False,False,False,True,False,False,False,False,True,False,False,False,False,True,False,False,False,False,False,False,False,False,False,False,False,False,True,False,False,False,False,False,False,False,False,False,False,False,False,False,False,True,False,False,False,False,False,False,True,False,False,False,False,False,False,True,False,False,False,False,False,False,False,False,True,False,False,False,False,False,True,False,False,False,False,False,False,False,False,False,False,False,False,False,False,False,False,False,False,False,False,False,True,False,False,False,False,False,False,True,False,False,False,False,False,False,False,False,True,False,True,False,False,False,False,False,True,False,False,False,False,False,False,False,False,True,False,False,False,False,False
2.885846472488202,6.674652276188349,21.31189299144891,0.0,0.0,2.6025944687727294,1.8203341036428238,14.19064737641105,14.192206665778837,9.590598420556384,1.1943176378757767,1.8203341036428238,0.0,1.8203341036428238,0.0,2.2596737867230705,0.0,2.2596737867230705,0.0,12.543063139022069,12.543063139022069,0.0,0.7304631471189666,12.543063139022069,12.689051809657878,0.0,14.728374093438743,0.0,0.0,1.5409627556327752,0.7304631471189666,1.8203341036428238,0.7304631471189666,1.1943176378757767,2.750250297485029,2.2596737867230705,0.7304631471189666,1.1943176378757767,14.19064737641105,1.1943176378757767,1.5409627556327752,11.682967978443886,2.055641538058108,2.055641538058108,1.1943176378757767,8.511219710154146,7.538897810304354,0.0,0.0,0.0,0.0,0.0,1.1943176378757767,0.0,3.2047886227264892,16.040719915132282,,4.5971567117081165,False,False,False,True,False,False,False,False,True,True,False,False,False,False,False,False,False,False,False,False,False,False,False,False,False,False,False,False,False,False,True,False,False,False,False,False,False,False,False,False,False,True,False,False,False,False,False,False,True,False,False,False,False,False,False,False,False,False,True,False,False,False,True,False,False,False,False,False,False,False,False,False,False,False,False,False,False,False,False,True,False,False,False,False,False,False,False,False,False,False,False,False,False,False,False,True,False,False,False,False,True,False,False,False,False,False,False,False,True,False,False,False,True,False,False,False,False,False,False,False,False,False,True,False,False,False,False,False,False,False,True
2.6025944687727294,5.59142712460611,18.727395699660036,1.5409627556327752,0.0,2.440268378362637,2.2596737867230705,14.071773214082127,14.103851511653946,0.0,1.5409627556327752,1.8203341036428238,1.8203341036428238,1.8203341036428238,1.5409627556327752,2.2596737867230705,0.0,2.2596737867230705,0.0,10.897673633652223,10.897673633652223,0.0,0.7304631471189666,12.41641341767067,0.0,0.0,12.41641341767067,0.0,0.0,0.7304631471189666,0.0,1.5409627556327752,0.7304631471189666,1.1943176378757767,2.2596737867230705,2.2596737867230705,0.7304631471189666,1.1943176378757767,14.071773214082127,1.5409627556327752,0.7304631471189666,8.864879392672357,2.055641538058108,2.055641538058108,0.0,0.0,0.0,8.158132683068054,0.0,0.0,0.0,0.0,2.6025944687727294,0.7304631471189666,3.110644001604027,13.760840749928471,,5.0533710494211155,False,False,False,False,True,True,False,False,False,False,False,False,False,True,False,False,False,False,False,False,False,False,False,True,False,False,False,False,False,False,False,False,False,False,False,False,False,False,False,False,False,True,False,False,False,False,False,False,True,False,False,False,False,False,True,False,False,False,False,False,False,False,True,False,False,False,False,False,False,False,False,False,False,False,False,False,False,False,False,False,True,False,False,False,False,False,False,False,False,False,False,False,False,False,False,False,True,False,False,False,True,False,False,False,False,True,False,False,False,False,True,False,False,False,False,False,False,False,False,False,False,False,False,False,True,False,False,False,False,True,False
2.055641538058108,6.098626104970388,19.770362266043758,1.5409627556327752,0.0,2.6025944687727294,1.8203341036428238,14.18596554073198,14.18596554073198,8.873157741448864,1.1943176378757767,1.8203341036428238,1.1943176378757767,1.8203341036428238,1.5409627556327752,2.2596737867230705,0.0,2.2596737867230705,0.0,13.816566297617028,13.816566297617028,0.0,0.7304631471189666,13.847538317014754,0.0,0.0,13.847538317014754,0.0,0.0,1.1943176378757767,0.0,1.5409627556327752,0.7304631471189666,1.1943176378757767,2.440268378362637,2.2596737867230705,0.7304631471189666,1.1943176378757767,14.18596554073198,1.1943176378757767,1.1943176378757767,10.439858799435369,2.055641538058108,2.055641538058108,1.1943176378757767,7.762392291686519,7.6067103813508625,0.0,0.0,0.0,0.0,0.0,3.011340243262834,1.1943176378757767,3.1668899558436143,16.077168195223194,,4.5971567117081165,False,False,False,True,False,False,False,False,True,False,False,False,False,True,False,False,False,False,False,True,False,False,False,False,False,False,False,False,False,False,False,False,False,False,False,False,False,False,False,False,False,True,False,False,False,False,False,False,True,False,False,False,False,False,False,True,False,False,False,False,False,False,False,False,True,False,False,False,False,False,False,False,False,False,False,False,False,False,False,True,False,False,False,False,False,False,False,False,False,False,False,False,False,False,False,True,False,False,False,False,True,False,False,False,False,False,False,False,True,False,True,False,False,False,False,False,False,False,False,False,False,False,False,False,True,False,False,False,False,True,False
0.0,5.133567292834431,16.656243952920168,1.5409627556327752,0.0,2.055641538058108,2.2596737867230705,14.145138012244155,14.145138012244155,0.0,1.5409627556327752,1.8203341036428238,1.1943176378757767,1.8203341036428238,1.5409627556327752,1.1943176378757767,11.640795289083194,2.2596737867230705,0.0,8.103593650252291,12.236142518909933,1.8203341036428238,0.7304631471189666,12.290177871756853,0.0,0.0,12.290177871756853,0.7304631471189666,0.0,0.7304631471189666,0.0,1.5409627556327752,0.7304631471189666,1.5409627556327752,2.2596737867230705,2.2596737867230705,0.7304631471189666,2.055641538058108,14.145138012244155,1.5409627556327752,1.1943176378757767,10.616842895097367,2.055641538058108,2.055641538058108,1.1943176378757767,6.65495044352145,6.844946025203906,0.0,0.0,0.0,0.0,0.0,2.6025944687727294,0.7304631471189666,3.1025663784181625,14.335913389886391,,4.492017742920502,False,False,False,False,True,False,False,False,True,False,False,False,False,True,False,False,False,False,False,False,False,False,False,False,True,False,False,False,False,False,False,False,False,False,False,False,False,False,False,False,False,True,False,False,False,False,False,False,False,False,False,False,True,False,False,True,False,False,False,False,False,False,True,False,False,False,False,False,False,False,False,False,True,False,False,False,False,False,False,False,False,False,False,False,False,False,False,True,False,False,False,False,False,False,False,False,False,False,False,False,True,False,False,False,False,False,False,False,True,False,True,False,False,False,False,False,False,False,False,False,False,False,False,False,True,False,False,False,False,True,False
2.055641538058108,6.02174235239564,19.117502396939127,0.0,0.0,2.055641538058108,2.440268378362637,14.132483878148475,14.184403604277843,0.0,1.5409627556327752,1.1943176378757767,1.8203341036428238,1.8203341036428238,1.1943176378757767,2.055641538058108,7.9678374640434715,0.0,11.023122571213104,8.147315588624345,12.290177871756853,0.0,0.7304631471189666,12.290177871756853,0.0,0.0,12.290177871756853,0.7304631471189666,0.0,0.7304631471189666,0.0,1.5409627556327752,0.7304631471189666,1.1943176378757767,2.2596737867230705,2.2596737867230705,0.7304631471189666,2.055641538058108,14.132483878148475,1.5409627556327752,0.7304631471189666,8.78068859193804,2.055641538058108,2.055641538058108,1.1943176378757767,9.752378680578557,6.448232316019433,0.0,0.0,0.0,0.0,0.0,2.440268378362637,1.8203341036428238,3.1219790843857282,14.365782174526247,,4.745132396064701,False,False,False,True,False,False,False,False,True,False,False,False,False,True,False,False,False,False,False,False,False,False,False,False,False,False,False,False,False,False,False,False,False,True,False,False,False,False,False,False,False,True,False,False,False,False,False,False,True,False,False,False,False,False,False,True,False,False,False,False,False,False,True,False,False,False,False,False,False,False,False,False,False,False,False,False,True,False,False,False,False,False,False,False,False,False,False,False,False,False,False,False,True,False,False,False,False,False,False,True,False,False,False,False,False,False,False,False,True,False,True,False,False,False,False,False,False,False,False,False,False,False,False,False,True,False,False,False,False,True,False
2.055641538058108,6.844946025203906,21.31631923987327,1.5409627556327752,0.0,2.6025944687727294,1.8203341036428238,14.193765294899785,14.193765294899785,10.910037588615651,1.1943176378757767,1.8203341036428238,1.1943176378757767,1.8203341036428238,1.5409627556327752,2.2596737867230705,0.0,2.2596737867230705,0.0,13.43208528618426,13.43208528618426,0.0,0.7304631471189666,13.496903957925936,0.0,0.0,13.496903957925936,0.0,0.0,1.1943176378757767,0.0,1.5409627556327752,0.7304631471189666,1.1943176378757767,2.440268378362637,2.2596737867230705,0.7304631471189666,1.1943176378757767,14.193765294899785,1.1943176378757767,1.5409627556327752,11.800080217922273,2.055641538058108,2.055641538058108,1.1943176378757767,0.0,5.559490358416789,0.0,0.0,0.0,0.0,0.0,2.750250297485029,1.5409627556327752,3.178815196441283,15.669361594795282,,4.5971567117081165,False,False,False,True,False,False,False,False,True,True,False,False,False,False,False,False,False,False,False,False,False,False,False,False,False,False,False,False,False,False,True,False,False,False,False,False,False,False,False,False,False,True,False,False,False,False,False,False,True,False,False,False,False,False,False,True,False,False,False,False,False,False,True,False,False,False,False,False,False,False,False,False,False,False,False,False,False,False,False,True,False,False,False,False,False,False,False,False,False,False,False,False,False,False,False,True,False,False,False,False,True,False,False,False,False,False,False,False,True,False,True,False,False,False,False,False,False,False,False,False,False,False,False,False,True,False,False,False,False,True,False
2.055641538058108,5.684506656824126,18.598237927298484,1.5409627556327752,0.0,2.055641538058108,2.2596737867230705,14.105448077134762,14.18284100452303,0.0,1.5409627556327752,1.8203341036428238,1.8203341036428238,1.8203341036428238,1.1943176378757767,0.7304631471189666,8.453929696886426,2.055641538058108,10.200342662007953,7.873203454932757,11.831021744455525,1.8203341036428238,0.7304631471189666,11.831021744455525,0.0,0.0,11.831021744455525,0.0,0.7304631471189666,0.7304631471189666,0.0,1.5409627556327752,0.7304631471189666,1.1943176378757767,2.055641538058108,2.2596737867230705,0.0,1.5409627556327752,14.19064737641105,1.5409627556327752,1.1943176378757767,10.634887347225343,2.055641538058108,2.055641538058108,1.1943176378757767,8.335516734766312,4.5971567117081165,0.0,0.0,0.0,0.0,0.0,2.440268378362637,1.8203341036428238,3.106808576771047,13.856094820831991,,4.492017742920502,False,False,False,True,False,False,False,False,True,True,False,False,False,False,False,False,False,False,False,False,False,False,False,False,False,False,True,False,False,False,False,False,False,False,False,False,False,False,False,False,False,True,False,False,False,False,False,False,True,False,False,False,False,False,False,True,False,False,False,False,False,False,True,False,False,False,False,False,False,False,False,False,False,False,False,False,False,False,False,False,True,False,False,False,False,False,False,False,False,False,False,False,False,False,False,False,True,False,False,True,False,False,False,False,False,False,False,False,True,False,False,False,False,False,True,False,False,False,False,False,False,False,False,False,True,False,False,False,False,True,False
2.055641538058108,6.6150441513146925,20.42865738002689,1.5409627556327752,0.0,2.6025944687727294,1.8203341036428238,14.193765294899785,14.19532326438205,8.103593650252291,1.1943176378757767,1.8203341036428238,0.0,1.8203341036428238,1.5409627556327752,1.1943176378757767,12.689051809657878,2.2596737867230705,0.0,10.200342662007953,13.68815953063993,0.0,0.7304631471189666,13.68815953063993,0.0,0.0,13.68815953063993,0.7304631471189666,0.0,1.1943176378757767,0.0,1.5409627556327752,0.7304631471189666,1.1943176378757767,2.440268378362637,2.2596737867230705,0.7304631471189666,1.1943176378757767,14.19532326438205,1.1943176378757767,1.5409627556327752,11.410720730871269,2.055641538058108,2.055641538058108,1.1943176378757767,0.0,5.357203202420049,0.0,0.0,0.0,0.0,0.0,2.440268378362637,1.8203341036428238,3.1981618670886944,15.91743348807088,,4.5971567117081165,False,False,False,True,False,False,False,False,True,False,False,False,False,True,False,False,False,False,False,False,False,False,False,False,False,False,False,False,False,False,True,False,False,False,False,False,False,False,False,False,False,True,False,False,False,False,False,False,True,False,False,False,False,False,False,True,False,False,False,False,False,False,True,False,False,False,False,False,False,False,False,False,False,False,False,False,False,False,False,True,False,False,False,False,False,False,False,False,False,False,False,False,False,False,False,True,False,False,False,False,True,False,False,False,False,False,False,False,True,False,True,False,False,False,False,False,False,False,False,False,False,False,False,False,True,False,False,False,False,True,False
2.055641538058108,5.248357472806535,21.897709715168865,0.0,0.0,2.055641538058108,2.055641538058108,14.115012896462307,14.178149219316415,0.0,1.5409627556327752,1.8203341036428238,1.8203341036428238,1.8203341036428238,0.7304631471189666,0.7304631471189666,12.82676809762679,2.2596737867230705,0.0,8.179633643422095,13.270696004831404,1.8203341036428238,0.7304631471189666,13.496903957925936,0.0,0.0,13.496903957925936,0.7304631471189666,0.0,0.7304631471189666,0.0,1.1943176378757767,0.7304631471189666,1.5409627556327752,2.2596737867230705,2.2596737867230705,1.1943176378757767,1.1943176378757767,14.115012896462307,1.1943176378757767,0.7304631471189666,9.17063676912744,2.055641538058108,2.055641538058108,1.1943176378757767,8.930417557876343,8.67610089137118,0.0,0.0,0.0,0.0,0.0,1.5409627556327752,0.0,3.155474321800373,15.581642769682789,,4.2014612941903655,False,False,False,True,False,False,False,False,True,False,True,False,False,False,False,False,False,False,False,False,False,False,False,False,False,False,True,False,False,False,False,False,False,False,False,False,False,False,False,False,False,True,False,False,False,False,False,False,True,False,False,False,False,False,False,True,False,False,False,False,False,False,True,False,False,False,False,False,False,False,False,False,False,False,False,True,False,False,False,False,False,False,False,False,False,False,False,False,False,False,True,False,False,False,False,False,False,False,False,True,False,False,False,False,False,False,False,False,True,False,True,False,False,False,False,False,False,False,False,False,False,False,False,False,True,False,False,False,False,True,False
2.2596737867230705,5.684506656824126,18.11142301081849,0.0,0.0,1.8203341036428238,2.055641538058108,14.066937136514682,14.103851511653946,0.0,1.5409627556327752,1.8203341036428238,1.8203341036428238,1.8203341036428238,1.5409627556327752,2.2596737867230705,0.0,2.2596737867230705,0.0,10.371952633774395,10.371952633774395,0.7304631471189666,0.0,10.371952633774395,0.0,0.0,10.371952633774395,0.0,0.0,0.7304631471189666,0.0,0.7304631471189666,0.7304631471189666,0.7304631471189666,1.8203341036428238,2.2596737867230705,0.0,1.5409627556327752,14.055628032763456,1.5409627556327752,0.7304631471189666,8.511219710154146,0.7304631471189666,2.055641538058108,1.1943176378757767,5.3215405626377255,0.0,6.382450834594188,0.0,0.0,0.0,0.0,2.440268378362637,1.1943176378757767,3.027546833077965,12.236142518909933,,3.858806663498184,False,False,False,False,True,False,False,False,True,False,False,False,False,True,False,False,False,True,False,False,False,False,False,False,False,False,False,False,False,False,False,False,False,False,False,False,False,False,False,False,True,False,False,False,False,False,False,False,True,False,False,False,False,False,False,True,False,False,False,False,False,False,True,False,False,False,False,False,False,False,False,False,False,False,False,True,False,False,False,False,False,False,False,False,False,False,False,False,False,False,True,False,False,False,False,False,False,False,True,False,False,False,False,False,False,False,False,False,True,False,False,False,False,False,True,False,False,False,False,False,False,False,False,False,True,False,False,False,False,True,False
3.011340243262834,5.357203202420049,19.23509144804234,1.5409627556327752,0.0,1.8203341036428238,1.5409627556327752,14.055628032763456,14.103851511653946,0.0,1.5409627556327752,0.7304631471189666,1.8203341036428238,1.8203341036428238,1.5409627556327752,2.2596737867230705,0.0,2.2596737867230705,0.0,10.946836606797339,10.946836606797339,1.8203341036428238,0.0,10.946836606797339,11.023122571213104,0.0,12.91709217382567,0.0,0.0,0.7304631471189666,0.0,1.5409627556327752,0.7304631471189666,1.5409627556327752,2.2596737867230705,2.2596737867230705,0.0,1.5409627556327752,14.055628032763456,1.5409627556327752,0.7304631471189666,8.604063356421523,2.055641538058108,0.7304631471189666,0.0,0.0,5.494161288893169,7.77494479144778,0.0,0.0,0.0,0.0,2.750250297485029,1.1943176378757767,2.9618342945884817,14.129313517307915,,3.128238685769432,True,False,False,False,False,False,False,False,True,False,False,False,False,True,False,False,False,False,False,False,False,False,False,True,False,False,False,False,False,False,False,False,False,False,False,False,False,False,False,False,True,False,False,False,False,False,False,False,True,False,False,False,False,False,False,False,False,False,True,False,False,False,False,True,False,False,False,False,False,False,True,False,False,False,False,False,False,False,False,False,False,False,False,False,False,True,False,False,False,False,False,False,False,False,False,False,False,False,True,False,False,False,False,False,False,False,False,False,True,False,False,False,False,False,True,False,False,False,False,False,False,False,False,False,True,False,False,False,False,True,False
2.055641538058108,6.02174235239564,19.2551569403525,0.0,0.0,2.055641538058108,2.055641538058108,14.129313517307915,14.192206665778837,0.0,1.5409627556327752,1.8203341036428238,1.8203341036428238,1.8203341036428238,1.5409627556327752,2.2596737867230705,0.0,2.2596737867230705,0.0,12.712786725393208,12.712786725393208,1.1943176378757767,0.7304631471189666,12.712786725393208,0.0,0.0,12.712786725393208,0.0,0.0,0.7304631471189666,0.7304631471189666,1.5409627556327752,0.7304631471189666,1.1943176378757767,2.2596737867230705,2.2596737867230705,0.0,1.5409627556327752,14.129313517307915,1.5409627556327752,0.7304631471189666,8.789225410028124,2.055641538058108,2.055641538058108,1.1943176378757767,0.0,5.831327892742091,0.0,0.0,0.0,0.0,0.0,2.6025944687727294,1.1943176378757767,3.1184978834382133,14.834870759354466,,4.2014612941903655,False,False,False,True,False,False,False,False,True,False,True,False,False,False,False,False,False,False,False,False,False,False,False,False,False,False,False,False,False,False,False,False,False,True,False,False,False,False,False,False,False,True,False,False,False,False,False,False,True,False,False,False,False,False,False,True,False,False,False,False,False,False,True,False,False,False,False,False,False,False,False,False,False,True,False,False,False,False,False,False,False,False,False,False,False,False,False,False,True,False,False,False,False,False,False,False,False,False,False,True,False,False,False,False,False,False,False,False,True,False,True,False,False,False,False,False,False,False,False,False,False,False,False,False,True,False,False,False,False,True,False
2.055641538058108,6.337529394588084,20.274294298805103,1.5409627556327752,0.0,2.6025944687727294,1.8203341036428238,14.193765294899785,14.193765294899785,0.0,1.1943176378757767,1.8203341036428238,0.0,1.8203341036428238,0.0,2.2596737867230705,0.0,2.2596737867230705,0.0,12.726948993886586,12.726948993886586,0.0,0.7304631471189666,12.726948993886586,0.0,0.0,12.726948993886586,0.0,0.0,1.1943176378757767,0.0,1.5409627556327752,0.7304631471189666,1.1943176378757767,2.440268378362637,2.2596737867230705,0.0,1.5409627556327752,14.193765294899785,1.1943176378757767,1.1943176378757767,10.18993412600693,2.055641538058108,2.055641538058108,1.1943176378757767,0.0,4.492017742920502,0.0,0.0,0.0,0.0,0.0,0.0,1.1943176378757767,3.1395219132819316,14.850590203012555,,4.5971567117081165,False,False,False,True,False,False,False,False,True,True,False,False,False,False,False,False,False,False,False,True,False,False,False,False,False,False,False,False,False,False,False,False,False,False,False,False,False,False,False,False,False,True,False,False,False,False,False,False,True,False,False,False,False,False,False,True,False,False,False,False,False,False,True,False,False,False,False,False,False,False,False,False,False,False,False,False,False,False,False,True,False,False,False,False,False,False,False,False,False,False,False,False,False,False,False,True,False,False,False,False,True,False,False,False,False,False,False,False,True,False,True,False,False,False,False,False,False,False,False,False,False,False,False,False,True,False,False,False,False,True,False
2.055641538058108,5.968980585391403,20.088960261785648,0.0,0.0,2.055641538058108,1.8203341036428238,14.118195633475512,14.118195633475512,0.0,1.5409627556327752,1.8203341036428238,1.8203341036428238,1.8203341036428238,1.5409627556327752,2.055641538058108,12.175674739199435,2.2596737867230705,0.0,9.590598420556384,13.093081172958073,1.1943176378757767,0.7304631471189666,13.680989389616148,0.0,0.0,13.680989389616148,0.0,0.7304631471189666,0.7304631471189666,0.7304631471189666,1.8203341036428238,0.7304631471189666,1.1943176378757767,2.2596737867230705,2.2596737867230705,0.7304631471189666,1.1943176378757767,14.118195633475512,1.1943176378757767,1.1943176378757767,9.990473606737828,2.055641538058108,2.055641538058108,1.1943176378757767,0.0,4.882972919330174,0.0,0.0,0.0,0.0,0.0,2.2596737867230705,1.8203341036428238,3.1301287299462333,15.59675835805115,,3.858806663498184,False,False,False,True,False,False,False,False,True,False,False,False,False,True,False,False,False,False,False,False,False,False,False,False,False,False,True,False,False,False,False,False,False,False,False,False,False,False,False,False,False,True,False,False,False,False,False,False,True,False,False,False,False,False,False,True,False,False,False,False,False,False,False,False,True,False,False,False,False,False,True,False,False,False,False,False,False,False,False,False,False,False,False,False,False,True,False,False,False,False,False,False,False,False,False,False,False,False,False,True,False,False,False,False,False,False,False,False,True,False,True,False,False,False,False,False,False,False,False,False,False,False,False,False,True,False,False,False,False,True,False
0.0,5.684506656824126,18.657314644491606,1.5409627556327752,0.0,2.750250297485029,1.8203341036428238,14.19064737641105,14.19064737641105,8.567309925236042,0.0,1.8203341036428238,0.0,1.8203341036428238,1.5409627556327752,1.1943176378757767,12.530609486480795,2.2596737867230705,0.0,9.764455971860276,13.422452519028221,0.0,0.7304631471189666,13.422452519028221,0.0,0.0,13.422452519028221,0.7304631471189666,0.0,1.1943176378757767,0.0,1.1943176378757767,0.7304631471189666,0.0,2.2596737867230705,2.2596737867230705,0.7304631471189666,1.1943176378757767,14.19064737641105,0.0,1.1943176378757767,10.543577039871609,2.055641538058108,2.055641538058108,1.1943176378757767,8.136453549445715,5.248357472806535,0.0,0.0,0.0,0.0,0.0,2.885846472488202,0.7304631471189666,3.187516810395317,15.622536281270083,,4.792129643835174,False,False,False,True,False,False,False,False,True,False,False,False,False,True,False,False,False,False,False,False,False,False,False,False,False,False,False,False,False,False,True,False,False,False,False,False,False,False,False,False,False,True,False,False,False,False,False,False,False,False,False,False,True,False,False,True,False,False,False,False,False,False,False,False,True,False,False,False,False,False,False,False,False,False,False,True,False,False,False,False,False,False,False,False,False,False,False,False,False,False,True,False,False,False,False,False,False,False,False,False,True,False,False,False,False,False,False,False,True,False,True,False,False,False,False,False,False,False,False,False,False,False,False,False,True,False,False,False,False,True,False
2.885846472488202,6.808145364123843,21.070798118999335,1.5409627556327752,0.0,2.6025944687727294,1.8203341036428238,14.189087426187385,14.19064737641105,7.216434458396561,1.1943176378757767,1.8203341036428238,0.0,1.8203341036428238,0.0,2.2596737867230705,0.0,2.2596737867230705,0.0,12.439563774010221,12.439563774010221,0.0,0.7304631471189666,12.477798029593886,12.923772126973923,0.0,14.829616442063276,0.0,0.0,1.5409627556327752,0.7304631471189666,1.8203341036428238,0.7304631471189666,1.1943176378757767,2.750250297485029,2.2596737867230705,0.7304631471189666,1.1943176378757767,14.189087426187385,0.0,1.5409627556327752,11.113042599688864,2.055641538058108,2.055641538058108,1.1943176378757767,6.899103929073757,4.5971567117081165,0.0,0.0,0.0,0.0,0.0,3.011340243262834,0.0,3.1992206044417673,16.074302709701197,,4.5971567117081165,False,False,False,True,False,False,False,False,True,False,False,False,False,True,False,False,False,False,False,False,False,False,False,False,False,False,False,False,False,False,True,False,False,False,False,False,False,False,False,False,False,True,False,False,False,False,False,False,True,False,False,False,False,False,False,False,False,False,True,False,False,False,True,False,False,False,False,False,False,False,False,False,False,False,False,False,False,False,False,True,False,False,False,False,False,False,False,False,False,False,False,False,False,False,False,True,False,False,False,False,True,False,False,False,False,False,False,False,True,False,False,False,True,False,False,False,False,False,False,False,False,False,False,False,True,False,False,False,False,True,False
2.055641538058108,6.881187323763808,20.204295330992093,1.5409627556327752,0.0,2.055641538058108,1.8203341036428238,14.173451442269636,14.175018034740056,0.0,1.5409627556327752,1.8203341036428238,1.1943176378757767,1.8203341036428238,1.5409627556327752,2.2596737867230705,0.0,2.2596737867230705,0.0,12.387900672947353,12.387900672947353,0.0,0.7304631471189666,12.387900672947353,0.0,0.0,12.387900672947353,0.0,0.0,0.7304631471189666,0.7304631471189666,1.5409627556327752,0.7304631471189666,1.5409627556327752,2.2596737867230705,2.2596737867230705,0.0,1.5409627556327752,14.175018034740056,1.5409627556327752,1.1943176378757767,11.038947685692156,2.055641538058108,2.055641538058108,1.1943176378757767,9.666395816900371,5.80273872401839,0.0,0.0,0.0,0.0,0.0,2.6025944687727294,1.5409627556327752,3.1151350642451443,14.474255126561404,,3.858806663498184,False,False,False,True,False,False,False,False,True,True,False,False,False,False,False,False,False,False,False,True,False,False,False,False,False,False,False,False,False,False,False,False,False,False,False,False,False,False,False,False,False,True,False,False,False,False,False,False,True,False,False,False,False,False,False,True,False,False,False,False,False,False,True,False,False,False,False,False,False,False,False,False,False,False,False,False,False,False,False,True,False,False,False,False,False,False,False,False,False,False,False,False,False,False,False,True,False,False,False,False,True,False,False,False,False,False,False,False,True,False,True,False,False,False,False,False,False,False,False,False,False,False,False,False,True,False,False,False,False,True,False
2.055641538058108,6.07328940298831,19.24969325927918,1.5409627556327752,0.0,2.055641538058108,2.055641538058108,14.110233605762662,14.1671783900609,10.950898606258738,1.5409627556327752,1.8203341036428238,1.8203341036428238,1.8203341036428238,1.5409627556327752,2.055641538058108,12.677122228700302,2.2596737867230705,0.0,6.314734756825906,12.872225893417895,1.1943176378757767,0.7304631471189666,12.872225893417895,0.0,0.0,12.872225893417895,0.0,0.7304631471189666,0.7304631471189666,0.0,1.5409627556327752,0.7304631471189666,1.5409627556327752,2.055641538058108,2.2596737867230705,0.7304631471189666,2.055641538058108,14.110233605762662,0.0,1.1943176378757767,10.262041676152034,2.055641538058108,2.055641538058108,1.1943176378757767,0.0,0.0,0.0,0.0,0.0,0.0,0.0,0.7304631471189666,1.5409627556327752,3.121239981947634,15.01183914837342,,4.2014612941903655,False,False,False,True,False,False,False,False,True,False,False,False,False,True,False,False,False,False,False,False,False,False,False,False,False,False,True,False,False,False,False,False,False,False,False,False,False,False,False,False,False,True,False,False,False,False,False,False,True,False,False,False,False,False,False,True,False,False,False,False,False,False,False,False,True,False,False,False,False,False,False,False,False,False,False,False,False,False,False,False,True,False,False,False,False,False,False,False,False,False,False,False,False,False,False,False,True,False,False,True,False,False,False,False,False,False,False,False,True,False,True,False,False,False,False,False,False,False,False,False,False,False,False,False,True,False,False,False,False,True,False
2.055641538058108,5.914940018959451,18.96295464403062,1.5409627556327752,0.0,2.055641538058108,2.2596737867230705,14.10863912353132,14.193765294899785,0.0,1.5409627556327752,1.1943176378757767,1.8203341036428238,1.8203341036428238,1.5409627556327752,1.1943176378757767,11.263544448905453,2.2596737867230705,0.0,9.222126215438918,12.28212806108674,1.8203341036428238,0.7304631471189666,12.28212806108674,0.0,0.0,12.28212806108674,0.7304631471189666,0.0,0.7304631471189666,0.0,1.5409627556327752,0.7304631471189666,1.1943176378757767,2.055641538058108,2.2596737867230705,0.0,1.5409627556327752,14.10863912353132,1.5409627556327752,0.7304631471189666,8.567309925236042,2.055641538058108,2.055641538058108,1.1943176378757767,0.0,5.42678077191518,0.0,0.0,0.0,0.0,0.0,0.0,1.8203341036428238,3.082325763485008,14.356846765935671,,4.492017742920502,False,False,False,True,False,False,False,False,True,False,False,False,False,True,False,False,False,False,False,False,False,False,False,False,False,False,True,False,False,False,False,False,False,False,False,False,False,False,False,False,False,True,False,False,False,False,False,False,True,False,False,False,False,False,False,True,False,False,False,False,False,False,True,False,False,False,False,False,False,False,False,False,False,False,False,False,False,False,False,True,False,False,False,False,False,False,False,False,False,False,False,False,False,False,False,True,False,False,False,True,False,False,False,False,False,False,False,False,True,False,False,False,False,False,True,False,False,False,False,False,False,False,False,False,True,True,False,False,False,False,False
3.4381104434026533,5.831327892742091,17.94126240292932,1.5409627556327752,0.0,1.8203341036428238,1.8203341036428238,14.111827394891495,14.111827394891495,0.0,1.5409627556327752,1.8203341036428238,1.5409627556327752,1.1943176378757767,1.8203341036428238,1.8203341036428238,0.0,1.8203341036428238,0.0,0.0,0.0,1.8203341036428238,0.0,12.52811325381343,0.0,0.0,12.52811325381343,0.0,0.0,1.1943176378757767,0.0,1.1943176378757767,1.1943176378757767,0.7304631471189666,2.2596737867230705,2.2596737867230705,0.0,1.5409627556327752,0.0,0.7304631471189666,0.0,0.0,1.5409627556327752,1.5409627556327752,0.0,0.0,0.0,0.0,0.0,0.0,0.0,0.0,2.6025944687727294,1.1943176378757767,3.0489682758650845,12.52811325381343,,3.5304192649587702,False,False,False,True,False,False,False,False,True,False,False,False,False,True,False,False,False,False,False,False,False,True,False,False,False,False,False,False,False,False,False,False,False,False,False,False,False,False,False,False,False,True,False,False,False,False,False,False,False,False,True,False,False,False,False,True,False,False,False,False,False,False,True,False,False,False,False,True,False,False,False,False,False,False,False,False,False,False,False,False,False,False,False,False,False,False,False,False,False,False,False,False,True,False,False,False,False,False,False,False,True,False,False,False,False,False,True,False,False,False,False,False,False,False,False,True,False,False,False,False,False,False,False,False,True,False,True,False,False,False,False
2.055641538058108,6.314734756825906,19.30673919566187,1.5409627556327752,0.0,2.2596737867230705,1.8203341036428238,14.127727309259253,14.127727309259253,6.674652276188349,1.5409627556327752,1.8203341036428238,1.8203341036428238,1.8203341036428238,1.5409627556327752,2.055641538058108,10.922352455248765,2.2596737867230705,0.0,9.979298049926308,12.364390898216676,0.0,0.7304631471189666,12.93265870142819,0.0,0.0,12.93265870142819,0.0,0.0,1.1943176378757767,0.0,1.5409627556327752,0.7304631471189666,1.5409627556327752,2.2596737867230705,2.2596737867230705,0.7304631471189666,2.055641538058108,14.127727309259253,1.1943176378757767,1.1943176378757767,9.951171656935063,2.055641538058108,2.055641538058108,1.1943176378757767,0.0,7.308627591436396,0.0,0.0,0.0,0.0,0.0,1.5409627556327752,0.0,3.1263089933196633,14.776668767573849,,4.137710644618417,False,False,False,True,False,False,False,False,True,False,False,False,False,True,False,False,False,False,False,False,False,False,False,False,False,False,True,False,False,False,False,False,False,False,False,False,False,False,False,False,False,True,False,False,False,False,False,False,True,False,False,False,False,False,False,True,False,False,False,False,False,False,True,False,False,False,False,False,False,False,False,False,False,False,False,False,False,False,False,False,True,False,False,False,False,False,False,False,False,False,False,False,False,False,False,False,True,False,False,True,False,False,False,False,False,False,False,False,True,False,True,False,False,False,False,False,False,False,False,False,False,False,False,False,True,True,False,False,False,False,False
2.055641538058108,6.934539989873997,22.04873335596775,1.5409627556327752,0.0,2.055641538058108,2.055641538058108,14.118195633475512,14.118195633475512,0.0,1.5409627556327752,1.1943176378757767,1.8203341036428238,1.8203341036428238,0.7304631471189666,0.7304631471189666,12.03111329110884,2.2596737867230705,0.0,9.609735968054126,12.989871922208529,1.1943176378757767,0.7304631471189666,12.941522501779879,0.0,0.0,12.941522501779879,0.0,0.7304631471189666,0.7304631471189666,0.7304631471189666,1.1943176378757767,0.7304631471189666,1.5409627556327752,2.055641538058108,2.2596737867230705,1.1943176378757767,1.1943176378757767,14.118195633475512,1.1943176378757767,0.7304631471189666,9.087756729969003,2.055641538058108,2.055641538058108,0.7304631471189666,0.0,6.732788372480494,0.0,0.0,0.0,0.0,0.0,2.750250297485029,0.7304631471189666,3.13315471424909,15.115679118010881,,4.2014612941903655,False,False,False,True,False,False,False,False,True,False,False,False,False,True,False,False,False,False,False,False,False,False,False,False,False,False,False,False,False,False,False,False,False,False,False,False,False,True,False,False,False,True,False,False,False,False,False,False,True,False,False,False,False,False,False,True,False,False,False,False,False,False,True,False,False,False,False,False,False,False,False,False,False,False,False,False,False,False,False,True,False,False,False,False,False,False,False,False,False,False,False,False,False,False,False,True,False,False,False,True,False,False,False,False,False,False,False,False,True,False,True,False,False,False,False,False,False,False,False,False,False,False,False,False,True,False,False,False,False,True,False
3.340760310539712,5.88741871045203,19.535803733571232,0.0,0.0,2.055641538058108,2.2596737867230705,14.15617472591783,14.15617472591783,0.0,1.5409627556327752,1.8203341036428238,1.1943176378757767,1.8203341036428238,0.0,0.0,11.32179316058309,1.5409627556327752,6.512195594586373,0.0,11.640795289083194,1.1943176378757767,0.7304631471189666,11.781373330676752,0.0,0.0,11.781373330676752,0.7304631471189666,0.0,0.7304631471189666,0.0,1.1943176378757767,0.7304631471189666,1.1943176378757767,2.055641538058108,2.2596737867230705,0.0,1.5409627556327752,14.15617472591783,1.1943176378757767,1.1943176378757767,10.292419534723528,2.055641538058108,1.1943176378757767,1.1943176378757767,8.511219710154146,0.0,0.0,0.0,0.0,0.0,0.0,1.5409627556327752,0.7304631471189666,3.114346798377085,13.723797205387063,,4.492017742920502,False,False,False,True,False,False,False,False,True,False,True,False,False,False,False,False,False,False,False,False,False,False,False,False,False,False,False,False,False,False,False,False,False,False,True,False,False,False,False,False,False,True,False,False,False,False,False,False,True,False,False,False,False,False,False,False,False,False,False,True,False,False,True,False,False,False,False,False,False,False,False,False,False,True,False,False,False,False,False,False,False,False,False,False,False,False,False,False,True,False,False,False,False,False,False,False,False,False,False,True,False,False,False,False,False,False,False,False,True,False,True,False,False,False,False,False,False,False,False,False,False,False,False,False,True,False,False,False,False,True,False
2.055641538058108,5.968980585391403,19.54435778346795,0.0,0.0,2.055641538058108,2.055641538058108,14.143558628326556,14.151448765245362,0.0,1.5409627556327752,1.8203341036428238,1.1943176378757767,1.8203341036428238,0.0,1.5409627556327752,8.864879392672357,0.7304631471189666,10.226205916995326,7.711553623733266,11.945999148311474,1.8203341036428238,0.7304631471189666,11.945999148311474,0.0,0.0,11.945999148311474,0.7304631471189666,0.0,0.7304631471189666,0.0,1.5409627556327752,0.7304631471189666,1.5409627556327752,2.055641538058108,2.2596737867230705,0.0,1.5409627556327752,14.146716717260457,1.5409627556327752,0.7304631471189666,9.087756729969003,2.055641538058108,2.055641538058108,1.1943176378757767,7.412004629995179,0.0,0.0,0.0,0.0,0.0,0.0,2.750250297485029,1.1943176378757767,3.1028750091213992,13.983729217592806,,4.2014612941903655,False,False,False,True,False,False,False,False,True,False,True,False,False,False,False,False,False,False,False,True,False,False,False,False,False,False,False,False,False,False,False,False,False,False,False,False,False,False,False,False,False,True,False,False,False,False,False,False,True,False,False,False,False,False,False,True,False,False,False,False,False,False,False,False,True,False,False,False,False,False,False,False,False,False,False,False,False,False,False,True,False,False,False,False,False,False,False,False,False,False,False,False,False,False,False,True,False,False,False,True,False,False,False,False,False,False,False,False,True,False,False,False,False,False,True,False,False,False,False,False,False,False,False,False,True,False,False,False,False,True,False
2.055641538058108,5.968980585391403,18.97410109077305,1.5409627556327752,0.0,2.055641538058108,2.055641538058108,14.118195633475512,14.118195633475512,0.0,1.5409627556327752,1.8203341036428238,1.8203341036428238,1.8203341036428238,1.5409627556327752,0.0,7.861125448736068,0.7304631471189666,10.302477323271576,10.089189683419606,12.523115262762108,0.0,0.7304631471189666,12.523115262762108,0.0,0.0,12.523115262762108,0.7304631471189666,0.0,0.7304631471189666,0.0,1.5409627556327752,0.7304631471189666,1.5409627556327752,2.2596737867230705,2.2596737867230705,0.0,1.5409627556327752,14.118195633475512,1.1943176378757767,0.7304631471189666,9.025890350388508,2.055641538058108,2.055641538058108,1.1943176378757767,0.0,0.0,0.0,0.0,0.0,0.0,0.0,2.440268378362637,0.0,3.111946515918226,14.62434185357233,,4.2014612941903655,False,False,False,True,False,False,False,False,True,False,False,False,False,True,False,False,False,False,False,False,False,False,False,False,False,False,True,False,False,False,False,False,False,False,False,False,False,False,False,False,False,True,False,False,False,False,False,False,True,False,False,False,False,False,False,True,False,False,False,False,False,False,True,False,False,False,False,False,False,False,True,False,False,False,False,False,False,False,False,False,False,False,False,False,False,False,False,False,False,False,False,False,False,False,False,False,True,False,False,True,False,False,False,False,True,False,False,False,False,False,True,False,False,False,False,False,False,False,False,False,False,False,False,False,True,False,False,False,False,True,False
0.0,5.7146689026506605,18.83300281997776,1.5409627556327752,0.0,2.750250297485029,1.8203341036428238,14.19064737641105,14.19064737641105,9.78846071913494,0.0,1.8203341036428238,0.0,1.8203341036428238,1.5409627556327752,1.1943176378757767,10.040244790550664,2.2596737867230705,0.0,12.869967192359528,13.773104453393026,0.0,0.7304631471189666,13.773104453393026,0.0,0.0,13.773104453393026,0.7304631471189666,0.0,1.1943176378757767,0.0,1.1943176378757767,0.7304631471189666,0.0,2.2596737867230705,2.2596737867230705,0.7304631471189666,1.1943176378757767,14.19064737641105,1.1943176378757767,1.1943176378757767,10.634887347225343,2.055641538058108,2.055641538058108,1.1943176378757767,8.05912577550838,6.268453117386751,0.0,0.0,0.0,0.0,0.0,1.8203341036428238,1.8203341036428238,3.202977476791722,16.01170895797585,,4.792129643835174,False,False,False,True,False,False,False,False,True,False,False,False,False,True,False,False,False,False,False,False,False,False,False,False,False,False,False,False,False,False,True,False,False,False,False,False,False,False,False,False,False,True,False,False,False,False,False,False,False,False,False,False,True,False,False,True,False,False,False,False,False,False,False,False,True,False,False,False,False,False,False,False,False,False,False,True,False,False,False,False,False,False,False,False,False,False,False,False,False,False,True,False,False,False,False,False,False,False,False,False,True,False,False,False,False,False,False,False,True,False,True,False,False,False,False,False,False,False,False,False,False,False,False,False,True,False,False,False,False,True,False
2.750250297485029,5.285266416806648,20.882418858103875,0.0,0.0,2.440268378362637,1.8203341036428238,14.187526814497952,14.187526814497952,0.0,1.1943176378757767,1.8203341036428238,0.0,1.8203341036428238,1.5409627556327752,1.1943176378757767,12.992053679183453,2.2596737867230705,0.0,6.2917110215767,13.168530695513619,0.0,0.7304631471189666,13.338510737780748,10.872796741441666,0.0,14.408669464691888,0.7304631471189666,0.0,0.7304631471189666,0.7304631471189666,0.7304631471189666,0.7304631471189666,1.1943176378757767,2.2596737867230705,2.2596737867230705,0.7304631471189666,0.0,14.187526814497952,1.1943176378757767,1.1943176378757767,11.031045151827064,2.055641538058108,2.055641538058108,1.1943176378757767,7.724358962810533,5.093856518007759,0.0,0.0,8.081454683660327,0.0,0.0,2.885846472488202,1.5409627556327752,3.171443114547928,16.08765750920879,,4.38094603344487,False,False,False,True,False,False,False,False,True,False,True,False,False,False,False,False,False,False,False,False,False,False,False,False,False,True,False,False,False,False,False,False,False,False,False,False,False,False,False,False,False,True,False,False,False,False,False,False,True,False,False,False,False,True,False,False,False,False,False,False,False,False,True,False,False,False,False,False,False,False,False,False,False,False,False,False,False,False,False,True,False,False,False,False,False,False,False,False,False,False,False,False,False,False,False,True,False,False,False,False,True,False,False,False,False,False,False,False,True,False,True,False,False,False,False,False,False,False,False,False,False,False,False,False,True,True,False,False,False,False,False
2.055641538058108,6.314734756825906,20.2914518853049,1.5409627556327752,0.0,2.6025944687727294,1.8203341036428238,14.192206665778837,14.192206665778837,0.0,1.1943176378757767,1.8203341036428238,1.1943176378757767,1.8203341036428238,0.0,1.1943176378757767,4.137710644618417,2.2596737867230705,0.0,13.556849598572905,13.601157000193943,0.0,0.7304631471189666,13.601157000193943,0.0,0.0,13.601157000193943,0.0,0.0,1.1943176378757767,0.0,1.5409627556327752,0.7304631471189666,1.1943176378757767,2.440268378362637,2.2596737867230705,0.0,1.5409627556327752,14.192206665778837,1.1943176378757767,1.5409627556327752,11.594754271756951,2.055641538058108,2.055641538058108,1.1943176378757767,0.0,7.426427090052128,0.0,0.0,0.0,0.0,0.0,2.750250297485029,0.7304631471189666,3.1759491855014055,15.82087371988999,,4.5971567117081165,False,True,False,False,False,False,False,False,True,False,False,False,False,True,False,False,False,False,False,False,False,False,False,False,False,False,False,False,False,False,False,False,False,False,False,True,False,False,False,False,False,True,False,False,False,False,False,False,True,False,False,False,False,False,False,True,False,False,False,False,False,False,True,False,False,False,False,False,False,False,False,False,False,False,False,False,False,False,False,True,False,False,False,False,False,False,False,False,False,False,False,False,False,False,False,True,False,False,False,False,True,False,False,False,False,False,False,False,True,False,True,False,False,False,False,False,False,False,False,False,False,False,False,False,True,False,False,False,False,True,False
1.8203341036428238,4.6477085871174175,16.84401039054842,1.5409627556327752,0.0,1.8203341036428238,1.8203341036428238,14.055628032763456,14.19532326438205,0.0,1.5409627556327752,1.8203341036428238,1.8203341036428238,1.8203341036428238,1.5409627556327752,2.2596737867230705,0.0,2.2596737867230705,0.0,11.281862458951347,11.281862458951347,1.1943176378757767,0.7304631471189666,11.281862458951347,11.207944956626681,0.0,13.205653844855341,0.0,0.0,1.1943176378757767,0.0,1.1943176378757767,1.5409627556327752,1.5409627556327752,2.6025944687727294,2.2596737867230705,0.0,1.5409627556327752,0.0,0.7304631471189666,0.0,0.0,1.5409627556327752,1.5409627556327752,0.0,0.0,0.0,6.694190605394483,0.0,0.0,0.0,0.0,2.6025944687727294,1.5409627556327752,3.086503718715187,14.465576779860692,,3.5304192649587702,False,False,False,False,True,False,False,False,True,False,False,False,False,True,False,False,False,False,False,False,False,False,False,False,False,False,False,False,False,False,False,True,False,False,False,False,False,False,False,False,False,True,False,False,False,False,False,False,False,True,False,False,False,False,False,False,False,False,True,False,False,False,True,False,False,False,False,False,False,False,False,False,False,False,False,True,False,False,False,False,False,False,False,False,False,False,False,False,False,False,True,False,False,False,False,False,False,False,True,False,False,False,False,False,False,False,False,False,True,False,False,False,False,False,False,True,False,False,False,False,False,False,True,False,False,False,False,False,False,False,True
2.055641538058108,5.859551208605442,18.874758697664742,1.5409627556327752,0.0,2.055641538058108,2.2596737867230705,14.129313517307915,14.129313517307915,0.0,1.5409627556327752,1.8203341036428238,1.8203341036428238,1.8203341036428238,1.5409627556327752,0.7304631471189666,11.378992261536109,2.2596737867230705,0.0,8.013883697367245,11.996160097501178,0.0,0.7304631471189666,11.996160097501178,0.0,0.0,11.996160097501178,0.7304631471189666,0.0,0.7304631471189666,0.0,1.5409627556327752,0.7304631471189666,1.5409627556327752,2.2596737867230705,2.2596737867230705,0.0,1.5409627556327752,14.129313517307915,1.5409627556327752,0.7304631471189666,9.628746849475789,2.055641538058108,2.055641538058108,1.1943176378757767,0.0,0.0,0.0,0.0,0.0,0.0,0.0,0.0,0.7304631471189666,3.0999745140171657,14.039411253843634,,4.492017742920502,False,False,False,True,False,False,False,False,True,False,False,False,False,True,False,False,False,False,False,False,False,False,False,False,False,False,False,False,False,False,False,False,False,True,False,False,False,False,False,False,False,True,False,False,False,False,False,False,True,False,False,False,False,False,False,True,False,False,False,False,False,False,True,False,False,False,False,False,False,False,False,False,False,True,False,False,False,False,False,False,False,False,False,False,False,False,False,False,True,False,False,False,False,False,False,False,False,False,False,True,False,False,False,False,False,False,False,False,True,False,True,False,False,False,False,False,False,False,False,False,False,False,False,False,True,False,False,False,False,True,False
2.885846472488202,5.80273872401839,21.20867569902712,0.7304631471189666,0.0,2.2596737867230705,2.055641538058108,14.178149219316415,14.178149219316415,0.0,1.5409627556327752,1.8203341036428238,1.1943176378757767,1.8203341036428238,0.0,1.1943176378757767,7.8971902791299975,2.2596737867230705,0.0,10.792672918963946,11.486977154977039,1.1943176378757767,0.7304631471189666,11.486977154977039,11.054693052542088,0.0,13.242388126529248,0.0,0.7304631471189666,1.1943176378757767,0.0,1.5409627556327752,0.7304631471189666,1.5409627556327752,2.2596737867230705,2.2596737867230705,0.0,1.5409627556327752,14.178149219316415,0.0,1.1943176378757767,9.641351296142753,2.055641538058108,2.055641538058108,1.1943176378757767,0.0,6.098626104970388,0.0,0.0,0.0,0.0,0.0,2.750250297485029,0.7304631471189666,3.1376962003462787,14.574040513907685,,4.492017742920502,False,False,False,True,False,False,False,False,True,True,False,False,False,False,False,False,False,False,False,False,False,False,True,False,False,False,False,False,False,False,False,False,False,False,False,False,False,False,False,False,False,True,False,False,False,False,False,False,True,False,False,False,False,False,False,False,False,False,True,False,False,False,True,False,False,False,False,False,False,False,False,False,False,False,False,False,False,False,False,True,False,False,False,False,False,False,False,False,False,False,False,False,False,False,False,True,False,False,False,False,True,False,False,False,False,False,False,False,True,False,True,False,False,False,False,False,False,False,False,False,False,False,False,False,True,False,False,False,False,True,False
2.750250297485029,5.42678077191518,18.06178179936772,1.5409627556327752,0.0,2.2596737867230705,2.055641538058108,14.078211392935243,14.103851511653946,0.0,1.5409627556327752,1.8203341036428238,1.8203341036428238,1.8203341036428238,1.5409627556327752,2.2596737867230705,0.0,2.2596737867230705,0.0,11.561460487077868,11.561460487077868,1.8203341036428238,0.7304631471189666,11.561460487077868,0.0,9.459636543250584,12.587521438499264,0.0,0.0,0.7304631471189666,0.0,1.5409627556327752,0.7304631471189666,1.5409627556327752,2.2596737867230705,2.2596737867230705,0.7304631471189666,1.1943176378757767,14.159321992932664,1.5409627556327752,1.1943176378757767,10.410943347638753,2.055641538058108,2.055641538058108,1.1943176378757767,6.881187323763808,0.0,0.0,0.0,0.0,0.0,9.71584164008783,3.011340243262834,0.0,3.088029900889543,13.556849598572905,,4.492017742920502,False,False,False,False,True,False,False,False,True,False,False,False,False,True,False,False,False,True,False,False,False,False,False,False,False,False,False,False,False,False,False,False,False,False,False,False,False,False,False,False,False,True,False,False,False,False,False,False,True,False,False,False,False,True,False,False,False,False,False,False,False,False,True,False,False,False,False,False,False,False,False,False,False,False,False,False,False,False,False,False,True,False,False,False,False,False,False,False,False,False,False,False,False,False,False,False,True,False,False,False,True,False,False,False,False,False,False,False,True,False,False,False,False,False,True,False,False,False,False,False,False,False,False,False,True,False,False,False,False,True,False
3.4381104434026533,6.844946025203906,19.222276487621045,0.7304631471189666,0.7304631471189666,2.055641538058108,1.8203341036428238,14.124552834680129,14.124552834680129,0.0,0.7304631471189666,1.8203341036428238,1.1943176378757767,1.8203341036428238,0.7304631471189666,1.5409627556327752,6.732788372480494,1.1943176378757767,11.192951535258446,0.0,11.561460487077868,1.8203341036428238,0.0,11.561460487077868,0.0,0.0,11.561460487077868,0.7304631471189666,0.0,0.7304631471189666,0.0,1.1943176378757767,0.7304631471189666,1.5409627556327752,2.055641538058108,2.2596737867230705,0.0,1.5409627556327752,14.124552834680129,1.5409627556327752,1.1943176378757767,10.35226609224141,2.055641538058108,2.055641538058108,1.1943176378757767,6.7707662019989225,0.0,0.0,0.0,0.0,0.0,0.0,2.440268378362637,1.8203341036428238,3.083385412961572,13.556849598572905,,3.858806663498184,False,False,False,False,True,True,False,False,False,True,False,False,False,False,False,False,False,False,False,False,False,False,False,True,False,False,False,False,False,False,False,False,False,False,False,False,False,False,False,False,False,False,False,False,False,False,False,True,False,False,True,False,False,False,False,True,False,False,False,False,False,False,True,False,False,False,False,False,False,False,False,False,False,False,False,False,False,False,False,False,True,False,False,False,False,False,False,False,False,False,False,False,False,False,False,False,True,False,False,True,False,False,False,False,False,False,False,False,True,False,False,False,False,True,False,False,False,False,False,False,False,False,False,False,True,False,False,False,False,True,False
2.055641538058108,5.914940018959451,27.148198919559814,0.0,0.0,2.750250297485029,1.8203341036428238,14.153024760995686,14.162466567064346,0.0,1.1943176378757767,1.8203341036428238,0.0,1.8203341036428238,0.7304631471189666,1.1943176378757767,13.873147428030975,2.2596737867230705,0.0,4.5971567117081165,13.92718314805414,1.1943176378757767,0.7304631471189666,13.92718314805414,0.0,0.0,13.92718314805414,1.1943176378757767,0.0,0.0,0.7304631471189666,0.0,0.7304631471189666,1.1943176378757767,2.055641538058108,2.2596737867230705,0.7304631471189666,1.1943176378757767,14.153024760995686,0.0,1.5409627556327752,11.812492076604793,2.055641538058108,2.055641538058108,1.1943176378757767,11.695834404033846,6.02174235239564,0.0,0.0,0.0,0.0,0.0,1.1943176378757767,0.0,3.2229152279570514,16.182710410589692,,4.792129643835174,False,False,False,True,False,False,False,True,False,False,False,False,False,True,False,False,False,False,False,False,False,False,False,False,False,False,False,False,False,False,False,False,False,False,False,False,False,False,True,False,False,True,False,False,False,False,False,False,True,False,False,False,False,False,False,True,False,False,False,False,False,False,True,False,False,False,False,False,False,False,False,False,False,False,False,False,False,False,False,False,False,True,False,False,False,False,False,False,False,False,False,False,False,False,False,False,False,True,False,True,False,False,False,False,False,False,False,False,True,False,True,False,False,False,False,False,False,False,False,False,False,False,False,False,True,False,False,False,False,True,False
3.2377281976988326,5.684506656824126,18.563367437240764,1.5409627556327752,0.7304631471189666,2.055641538058108,1.8203341036428238,14.111827394891495,14.111827394891495,0.0,1.5409627556327752,1.8203341036428238,1.8203341036428238,1.8203341036428238,1.5409627556327752,0.0,9.616086912297321,2.2596737867230705,0.0,0.0,9.616086912297321,1.8203341036428238,0.7304631471189666,13.01162801044176,0.0,0.0,13.01162801044176,0.0,0.0,0.7304631471189666,0.0,1.5409627556327752,0.7304631471189666,1.5409627556327752,2.2596737867230705,1.1943176378757767,0.7304631471189666,2.055641538058108,14.12296456685685,1.5409627556327752,1.1943176378757767,10.616842895097367,2.055641538058108,2.055641538058108,1.1943176378757767,0.0,5.357203202420049,0.0,0.0,0.0,0.0,0.0,1.8203341036428238,0.7304631471189666,3.102654649032058,13.759085382101594,,3.858806663498184,False,False,False,True,False,True,False,False,False,False,False,False,False,True,False,False,False,False,False,False,False,False,False,False,False,False,True,False,False,False,False,False,False,False,False,False,False,False,False,False,False,True,False,False,False,False,False,False,True,False,False,False,False,False,False,False,False,False,False,False,True,False,True,False,False,False,False,False,False,False,False,False,False,False,False,True,False,False,False,False,False,False,False,False,False,False,False,False,False,False,True,False,False,False,False,False,False,False,False,True,False,False,False,False,False,False,False,False,True,False,False,False,False,False,True,False,False,False,False,False,False,False,False,False,True,False,False,False,False,True,False
2.055641538058108,6.65495044352145,19.943359749978736,0.0,0.0,2.2596737867230705,1.8203341036428238,14.1261404152653,14.1261404152653,8.797735592116597,1.5409627556327752,1.8203341036428238,1.8203341036428238,1.8203341036428238,1.5409627556327752,0.7304631471189666,10.221051196470764,2.2596737867230705,0.0,11.937067204936257,13.149820472976657,1.1943176378757767,0.7304631471189666,13.149820472976657,0.0,0.0,13.149820472976657,0.0,0.0,1.1943176378757767,0.0,1.5409627556327752,0.7304631471189666,1.5409627556327752,2.440268378362637,2.2596737867230705,0.7304631471189666,1.1943176378757767,14.1261404152653,1.1943176378757767,1.1943176378757767,10.634887347225343,2.055641538058108,2.055641538058108,1.1943176378757767,0.0,0.0,0.0,9.75842361648199,0.0,0.0,0.0,2.750250297485029,1.1943176378757767,3.139895733151155,15.319945895266102,,4.137710644618417,False,False,False,True,False,False,False,False,True,False,False,False,False,True,False,False,False,False,False,False,False,False,False,False,False,False,True,False,False,False,False,False,False,False,False,False,False,False,False,False,False,True,False,False,False,False,False,False,True,False,False,False,False,False,False,True,False,False,False,False,False,False,True,False,False,False,False,False,False,False,False,False,False,True,False,False,False,False,False,False,False,False,False,False,False,False,False,False,False,False,False,False,True,False,False,False,False,False,False,True,False,False,False,False,False,False,False,False,True,False,True,False,False,False,False,False,False,False,False,False,False,False,False,False,True,False,False,False,False,True,False
1.1943176378757767,4.137710644618417,15.075219466544512,1.5409627556327752,0.0,2.6025944687727294,1.8203341036428238,14.18127774085417,14.18284100452303,10.040244790550664,1.1943176378757767,1.8203341036428238,1.1943176378757767,1.8203341036428238,1.5409627556327752,1.1943176378757767,10.946836606797339,2.2596737867230705,0.0,9.185444953830356,12.03979401386066,0.0,0.7304631471189666,12.077149047696544,11.354094166792636,0.0,13.750295695916938,0.7304631471189666,0.0,1.1943176378757767,0.7304631471189666,1.5409627556327752,0.7304631471189666,1.1943176378757767,2.440268378362637,2.2596737867230705,0.0,1.5409627556327752,14.18127774085417,0.0,1.1943176378757767,10.169007130464756,2.055641538058108,2.055641538058108,1.1943176378757767,6.934539989873997,0.0,0.0,0.0,0.0,0.0,0.0,2.885846472488202,1.5409627556327752,3.1347991670369675,15.15330260123822,,4.5971567117081165,False,True,False,False,False,False,False,False,True,False,False,False,False,True,False,False,False,False,False,False,False,False,False,False,False,False,False,False,False,False,False,False,False,False,False,True,False,False,False,False,False,True,False,False,False,False,False,False,False,False,False,True,False,False,False,False,False,False,True,False,False,False,True,False,False,False,False,False,False,False,False,False,False,False,False,True,False,False,False,False,False,False,False,False,False,False,False,False,False,False,True,False,False,False,False,False,False,False,False,False,True,False,False,False,False,False,False,False,True,False,True,False,False,False,False,False,False,False,False,False,False,False,False,False,True,True,False,False,False,False,False
2.885846472488202,6.426512698054021,20.487423690247535,0.0,0.0,2.440268378362637,1.8203341036428238,14.189087426187385,14.189087426187385,0.0,1.1943176378757767,1.8203341036428238,1.1943176378757767,1.8203341036428238,1.5409627556327752,2.2596737867230705,0.0,2.2596737867230705,0.0,11.705450805865961,11.705450805865961,0.0,0.7304631471189666,11.705450805865961,11.705450805865961,0.0,13.716697870568169,0.0,0.0,1.1943176378757767,0.7304631471189666,1.5409627556327752,0.7304631471189666,1.1943176378757767,2.440268378362637,2.2596737867230705,0.0,1.5409627556327752,14.189087426187385,1.1943176378757767,1.1943176378757767,10.585005856057766,2.055641538058108,2.055641538058108,1.1943176378757767,0.0,5.968980585391403,0.0,0.0,0.0,0.0,0.0,2.885846472488202,0.0,3.1494038624425866,14.994255490008962,,4.38094603344487,False,False,False,True,False,False,False,False,True,True,False,False,False,False,False,False,False,False,False,True,False,False,False,False,False,False,False,False,False,False,False,False,False,False,False,False,False,False,False,False,False,True,False,False,False,False,False,False,True,False,False,False,False,False,False,False,False,False,True,False,False,False,True,False,False,False,False,False,False,False,False,False,False,False,False,False,False,False,False,True,False,False,False,False,False,False,False,False,False,False,False,False,False,False,False,True,False,False,False,False,True,False,False,False,False,False,False,False,True,False,True,False,False,False,False,False,False,False,False,False,False,False,False,False,True,False,False,False,False,True,False
2.885846472488202,5.859551208605442,21.15197625668993,0.7304631471189666,0.0,2.885846472488202,1.8203341036428238,14.192206665778837,14.192206665778837,12.211538234168557,0.0,1.8203341036428238,0.0,1.8203341036428238,0.7304631471189666,2.2596737867230705,0.0,2.2596737867230705,0.0,13.118412529412476,13.118412529412476,0.0,0.7304631471189666,13.151904335212626,13.340485680088888,0.0,15.428315344841446,0.0,0.0,1.5409627556327752,0.7304631471189666,1.5409627556327752,0.7304631471189666,1.1943176378757767,2.885846472488202,2.2596737867230705,0.7304631471189666,1.1943176378757767,14.192206665778837,0.0,1.5409627556327752,10.914147977453368,2.055641538058108,2.055641538058108,1.1943176378757767,8.013883697367245,0.0,4.838059349133916,0.0,0.0,0.0,0.0,0.7304631471189666,0.0,3.236853106471127,16.76331353438497,,4.969939052451073,False,False,False,True,False,False,True,False,False,False,True,False,False,False,False,False,False,False,False,False,False,False,False,False,False,False,False,False,False,False,False,False,False,False,False,False,True,False,False,False,False,True,False,False,False,False,False,False,True,False,False,False,False,False,False,False,False,False,True,False,False,False,False,False,True,False,False,False,False,False,False,False,False,False,False,False,False,False,False,True,False,False,False,False,False,False,False,False,False,False,False,False,False,False,False,True,False,False,False,False,True,False,False,False,False,False,False,False,True,False,False,False,True,False,False,False,False,False,False,False,False,False,True,False,False,False,False,False,False,False,True
2.055641538058108,5.684506656824126,18.598237927298484,1.5409627556327752,0.0,2.055641538058108,2.2596737867230705,14.13881639680393,14.13881639680393,0.0,1.5409627556327752,1.8203341036428238,1.8203341036428238,1.8203341036428238,0.0,0.0,10.876956792114836,2.2596737867230705,0.0,7.4550235803134814,11.438661292884955,0.0,0.7304631471189666,11.438661292884955,0.0,0.0,11.438661292884955,0.0,0.0,0.7304631471189666,0.0,1.1943176378757767,0.7304631471189666,1.5409627556327752,1.8203341036428238,2.2596737867230705,0.0,1.5409627556327752,14.14039782124357,1.5409627556327752,0.7304631471189666,9.405519221765948,2.055641538058108,2.055641538058108,1.1943176378757767,8.05912577550838,0.0,0.0,0.0,0.0,0.0,0.0,0.0,1.1943176378757767,3.0980579246125033,13.420522821140821,,4.492017742920502,False,False,False,True,False,True,False,False,False,False,False,False,False,True,False,False,False,False,False,True,False,False,False,False,False,False,False,False,False,False,False,False,False,False,False,False,False,False,False,False,False,True,False,False,False,False,False,False,True,False,False,False,False,False,False,True,False,False,False,False,False,False,True,False,False,False,False,False,False,False,False,False,False,True,False,False,False,False,False,False,False,False,False,False,False,False,False,False,True,False,False,False,False,False,False,False,False,False,False,True,False,False,False,False,False,False,False,False,True,False,False,False,False,False,True,False,False,False,False,False,False,False,False,False,True,False,False,False,False,True,False
2.055641538058108,5.7737732204907655,20.962324662916217,1.5409627556327752,0.0,2.2596737867230705,1.8203341036428238,14.189087426187385,14.189087426187385,0.0,1.5409627556327752,1.8203341036428238,1.1943176378757767,1.8203341036428238,1.5409627556327752,0.0,11.954906868457561,2.2596737867230705,0.0,8.284573404551006,12.543063139022069,0.0,0.7304631471189666,12.543063139022069,0.0,0.0,12.543063139022069,0.7304631471189666,0.0,0.7304631471189666,0.7304631471189666,1.5409627556327752,0.7304631471189666,1.1943176378757767,2.055641538058108,2.2596737867230705,0.0,1.5409627556327752,14.192206665778837,1.5409627556327752,1.1943176378757767,10.634887347225343,2.055641538058108,2.055641538058108,1.1943176378757767,0.0,5.357203202420049,0.0,0.0,0.0,0.0,0.0,2.440268378362637,0.0,3.1248851972019542,14.646483555807421,,4.137710644618417,False,False,False,True,False,False,False,False,True,False,False,False,False,True,False,False,False,False,False,False,False,False,False,False,False,False,False,False,False,False,False,False,False,False,True,False,False,False,False,False,False,False,False,False,True,False,False,False,True,False,False,False,False,False,False,True,False,False,False,False,False,False,True,False,False,False,False,False,False,False,False,False,False,False,False,False,False,False,False,True,False,False,False,False,False,False,False,False,False,False,False,False,False,False,False,True,False,False,False,False,True,False,False,False,False,False,False,False,True,False,False,False,False,False,True,False,False,False,False,False,False,False,True,False,False,False,False,False,False,False,True
3.128238685769432,5.684506656824126,18.598237927298484,1.5409627556327752,0.0,2.055641538058108,2.2596737867230705,14.055628032763456,14.176583960216393,0.0,1.5409627556327752,1.8203341036428238,1.8203341036428238,0.0,1.5409627556327752,2.2596737867230705,0.0,2.2596737867230705,0.0,10.420612667160881,10.420612667160881,1.8203341036428238,0.0,10.657293985259306,10.420612667160881,0.0,12.424147889890671,0.0,0.0,0.7304631471189666,0.0,1.5409627556327752,0.7304631471189666,0.7304631471189666,2.2596737867230705,2.2596737867230705,0.0,1.5409627556327752,14.079819169923036,1.5409627556327752,0.7304631471189666,8.930417557876343,2.055641538058108,2.055641538058108,0.0,0.0,0.0,7.397497957722461,0.0,0.0,0.0,0.0,2.055641538058108,0.7304631471189666,3.0734554848304314,13.573529337804263,,4.492017742920502,False,False,False,False,True,False,False,False,True,False,False,False,False,True,False,False,False,False,False,False,False,False,False,True,False,False,False,False,False,False,False,False,False,False,False,False,False,False,False,False,False,True,False,False,False,False,False,False,True,False,False,False,False,False,False,False,False,True,False,False,False,False,True,False,False,False,False,False,False,False,False,False,False,False,False,True,False,False,False,False,False,False,False,False,False,False,False,False,False,False,True,False,False,False,False,False,False,False,True,False,False,False,False,False,False,False,False,False,True,False,False,False,False,False,True,False,False,False,False,False,False,False,False,False,True,False,False,False,False,True,False
0.0,5.133567292834431,18.180218946652573,0.0,0.0,2.6025944687727294,1.8203341036428238,14.192206665778837,14.192206665778837,7.848990272211784,1.1943176378757767,1.8203341036428238,1.1943176378757767,0.7304631471189666,1.1943176378757767,1.1943176378757767,4.137710644618417,2.2596737867230705,0.0,12.981131144325028,13.033248644718197,0.0,0.7304631471189666,13.033248644718197,0.0,0.0,13.033248644718197,0.0,0.0,1.1943176378757767,0.0,1.1943176378757767,0.7304631471189666,1.1943176378757767,2.2596737867230705,2.2596737867230705,0.7304631471189666,1.1943176378757767,14.192206665778837,1.1943176378757767,1.1943176378757767,10.18993412600693,2.055641538058108,2.055641538058108,1.1943176378757767,7.020909424392293,5.3215405626377255,0.0,0.0,0.0,0.0,0.0,0.7304631471189666,0.7304631471189666,3.152758568153374,15.190562023517451,,4.5971567117081165,False,False,False,True,False,False,False,False,True,False,False,False,False,True,False,False,False,False,False,False,False,False,False,False,False,False,False,False,False,False,True,False,False,False,False,False,False,False,False,False,False,True,False,False,False,False,False,False,False,False,False,False,True,False,False,True,False,False,False,False,False,False,True,False,False,False,False,False,False,False,False,False,False,False,False,False,False,False,False,True,False,False,False,False,False,False,False,False,False,False,False,False,False,False,False,True,False,False,False,False,True,False,False,False,False,False,False,False,True,False,True,False,False,False,False,False,False,False,False,False,False,False,False,False,True,False,False,False,False,True,False
3.011340243262834,5.357203202420049,19.99213655728145,0.0,0.0,2.440268378362637,2.055641538058108,14.057245761414583,14.103851511653946,0.0,1.5409627556327752,1.8203341036428238,1.8203341036428238,1.8203341036428238,1.5409627556327752,2.2596737867230705,0.0,2.2596737867230705,0.0,10.634887347225343,10.634887347225343,1.1943176378757767,0.7304631471189666,11.837174994714548,11.53457513188247,0.0,13.698887979000148,0.0,0.0,1.1943176378757767,0.0,1.5409627556327752,0.7304631471189666,1.5409627556327752,2.750250297485029,2.2596737867230705,0.0,1.5409627556327752,14.1671783900609,1.5409627556327752,1.1943176378757767,10.169007130464756,2.055641538058108,2.055641538058108,1.1943176378757767,3.128238685769432,3.011340243262834,5.80273872401839,0.0,0.0,0.0,0.0,2.2596737867230705,1.8203341036428238,3.111134303468447,14.604860250347413,,4.745132396064701,False,False,False,False,True,True,False,False,False,False,False,False,False,True,False,False,False,False,False,False,False,False,False,False,False,False,False,False,False,False,False,True,False,False,False,False,False,False,False,False,False,False,False,False,False,True,False,False,True,False,False,False,False,False,False,False,False,False,True,False,False,False,True,False,False,False,False,False,False,False,False,False,False,False,False,False,False,False,True,False,False,False,False,False,False,False,False,False,False,False,False,False,False,False,True,False,False,False,True,False,False,False,False,False,False,False,False,False,True,False,False,False,False,False,True,False,False,False,False,False,False,False,False,False,True,False,False,False,False,True,False
2.885846472488202,5.968980585391403,19.618539077005558,1.5409627556327752,0.0,2.440268378362637,1.8203341036428238,14.178149219316415,14.179713812657004,10.621364021794726,1.5409627556327752,1.8203341036428238,1.1943176378757767,1.8203341036428238,1.5409627556327752,1.1943176378757767,11.292802622125064,2.2596737867230705,0.0,9.163203154449782,12.28212806108674,0.0,0.7304631471189666,12.28212806108674,12.05996071866902,0.0,14.235600909805832,0.7304631471189666,0.0,1.1943176378757767,0.7304631471189666,1.5409627556327752,0.7304631471189666,1.1943176378757767,2.6025944687727294,2.2596737867230705,0.0,1.5409627556327752,14.179713812657004,1.1943176378757767,1.1943176378757767,10.930535303772126,2.055641538058108,2.055641538058108,1.1943176378757767,10.634887347225343,4.792129643835174,0.0,0.0,0.0,0.0,0.0,1.8203341036428238,1.5409627556327752,3.161717821041383,15.589207835683956,,4.38094603344487,False,False,False,True,False,False,False,False,True,False,False,False,False,True,False,False,False,False,False,True,False,False,False,False,False,False,False,False,False,False,False,False,False,False,False,False,False,False,False,False,False,True,False,False,False,False,False,False,True,False,False,False,False,False,False,False,False,False,True,False,False,False,True,False,False,False,False,False,False,False,False,False,False,False,False,False,False,False,False,True,False,False,False,False,False,False,False,False,False,False,False,False,False,False,False,True,False,False,False,False,True,False,False,False,False,False,False,False,True,False,True,False,False,False,False,False,False,False,False,False,False,False,False,False,True,False,False,False,False,True,False
2.885846472488202,6.1236810031695965,19.708494157911648,1.5409627556327752,0.0,2.6025944687727294,1.8203341036428238,14.189087426187385,14.19064737641105,9.35034917822932,1.1943176378757767,1.8203341036428238,0.0,1.8203341036428238,0.0,2.2596737867230705,0.0,2.2596737867230705,0.0,12.505563961983455,12.505563961983455,0.0,0.7304631471189666,12.505563961983455,12.945945901286747,0.0,14.857120810745197,0.0,0.0,1.1943176378757767,0.7304631471189666,1.8203341036428238,0.7304631471189666,1.1943176378757767,2.750250297485029,2.2596737867230705,0.7304631471189666,1.1943176378757767,14.189087426187385,1.1943176378757767,1.5409627556327752,11.679743369587573,2.055641538058108,2.055641538058108,1.1943176378757767,8.013883697367245,7.497312494750137,0.0,0.0,0.0,0.0,0.0,0.7304631471189666,0.7304631471189666,3.201991373545918,16.118962093237133,,4.5971567117081165,False,False,False,True,False,False,False,False,True,False,False,False,False,True,False,False,False,False,False,False,False,False,False,False,False,False,False,False,False,False,True,False,False,False,False,False,False,False,False,False,False,True,False,False,False,False,False,False,True,False,False,False,False,False,False,False,False,False,True,False,False,False,True,False,False,False,False,False,False,False,False,False,False,False,False,False,False,False,False,True,False,False,False,False,False,False,False,False,False,False,False,False,False,False,False,True,False,False,False,False,True,False,False,False,False,False,False,False,True,False,False,False,True,False,False,False,False,False,False,False,False,False,False,False,True,False,False,False,False,True,False
2.055641538058108,6.047663906109832,22.759925882306476,1.5409627556327752,0.0,2.440268378362637,1.8203341036428238,14.13565150293583,14.165608453322646,8.922310255016459,1.5409627556327752,1.8203341036428238,1.1943176378757767,1.8203341036428238,0.7304631471189666,1.1943176378757767,11.867768587390184,2.2596737867230705,0.0,12.222495897661254,14.09905763816768,1.8203341036428238,0.7304631471189666,14.492989253483675,0.0,0.0,14.492989253483675,0.7304631471189666,0.0,1.1943176378757767,0.0,1.5409627556327752,0.7304631471189666,1.5409627556327752,2.440268378362637,1.1943176378757767,0.7304631471189666,1.1943176378757767,14.13565150293583,1.1943176378757767,1.1943176378757767,10.634887347225343,2.055641538058108,2.055641538058108,1.1943176378757767,9.03369954226849,0.0,0.0,0.0,0.0,0.0,0.0,2.750250297485029,1.8203341036428238,3.13958430870755,16.597869333418483,,4.38094603344487,False,False,False,True,False,False,False,False,True,False,False,False,False,True,False,False,False,False,False,False,False,False,False,False,False,False,True,False,False,False,False,False,False,False,False,False,False,False,False,False,False,False,True,False,False,False,False,False,True,False,False,False,False,False,False,True,False,False,False,False,False,False,True,False,False,False,False,False,False,False,False,False,False,False,False,False,True,False,False,False,False,False,False,False,False,False,False,False,False,False,False,False,True,False,False,False,False,False,False,True,False,False,False,False,False,False,False,False,True,False,True,False,False,False,False,False,False,False,False,False,False,False,False,False,True,False,False,False,False,True,False
2.055641538058108,6.02174235239564,20.1317402826389,0.0,0.0,2.440268378362637,1.8203341036428238,14.187526814497952,14.187526814497952,7.711553623733266,1.1943176378757767,1.8203341036428238,1.1943176378757767,1.8203341036428238,0.0,1.1943176378757767,12.161777471692357,2.2596737867230705,0.0,9.951171656935063,13.207704757831017,0.0,0.7304631471189666,13.26061219071665,0.0,0.0,13.26061219071665,0.7304631471189666,0.0,1.1943176378757767,0.0,1.5409627556327752,0.7304631471189666,1.1943176378757767,2.440268378362637,2.2596737867230705,0.0,1.5409627556327752,14.187526814497952,1.1943176378757767,1.1943176378757767,10.55283235674251,2.055641538058108,2.055641538058108,1.1943176378757767,7.397497957722461,4.4372688011897266,0.0,0.0,0.0,0.0,0.0,2.6025944687727294,0.7304631471189666,3.1649498154834266,15.413662853817364,,4.38094603344487,False,False,False,True,False,False,False,False,True,False,False,False,False,True,False,False,False,False,False,True,False,False,False,False,False,False,False,False,False,False,False,False,False,False,False,False,False,False,False,False,False,True,False,False,False,False,False,False,True,False,False,False,False,False,False,True,False,False,False,False,False,False,True,False,False,False,False,False,False,False,False,False,False,False,False,False,False,False,False,True,False,False,False,False,False,False,False,False,False,False,False,False,False,False,False,True,False,False,False,False,True,False,False,False,False,False,False,False,True,False,True,False,False,False,False,False,False,False,False,False,False,False,False,False,True,False,False,False,False,True,False
2.2596737867230705,5.248357472806535,16.96257299348947,1.5409627556327752,0.0,1.8203341036428238,2.055641538058108,14.095858235026224,14.103851511653946,0.0,1.5409627556327752,1.1943176378757767,1.8203341036428238,1.8203341036428238,1.5409627556327752,2.2596737867230705,0.0,2.2596737867230705,0.0,11.32179316058309,11.32179316058309,1.8203341036428238,0.7304631471189666,11.32179316058309,0.0,0.0,11.32179316058309,0.0,0.0,0.7304631471189666,0.0,1.1943176378757767,0.7304631471189666,1.5409627556327752,1.8203341036428238,2.2596737867230705,0.0,1.5409627556327752,14.095858235026224,1.5409627556327752,0.7304631471189666,8.315257068972656,2.055641538058108,2.055641538058108,1.1943176378757767,0.0,0.0,0.0,0.0,0.0,0.0,0.0,2.6025944687727294,1.8203341036428238,3.0460435968242026,13.290777357050553,,3.858806663498184,False,False,False,False,True,False,False,False,True,True,False,False,False,False,False,False,False,False,False,False,False,False,False,False,False,False,False,False,False,False,False,True,False,False,False,False,False,False,False,True,False,False,False,False,False,False,False,False,True,False,False,False,False,False,False,True,False,False,False,False,False,False,True,False,False,False,False,False,False,False,False,False,False,False,False,True,False,False,False,False,False,False,False,False,False,False,False,False,False,False,True,False,False,False,False,False,False,False,False,True,False,False,False,False,False,False,False,False,True,False,True,False,False,False,False,False,False,False,False,False,False,False,False,False,True,False,False,False,False,True,False
2.750250297485029,6.244955797756471,21.702878328866447,1.5409627556327752,0.0,2.440268378362637,1.5409627556327752,14.10863912353132,14.10863912353132,0.0,1.1943176378757767,1.8203341036428238,1.8203341036428238,1.8203341036428238,1.5409627556327752,0.7304631471189666,10.753980379053345,2.2596737867230705,0.0,11.151347822781824,12.887995516624098,1.8203341036428238,0.7304631471189666,12.887995516624098,12.077149047696544,0.0,14.60625515032762,0.0,0.0,1.1943176378757767,0.0,1.5409627556327752,0.7304631471189666,1.5409627556327752,2.440268378362637,2.2596737867230705,0.7304631471189666,2.055641538058108,14.10863912353132,0.0,1.1943176378757767,11.019153728720797,2.055641538058108,2.055641538058108,1.1943176378757767,0.0,3.9325102940665544,6.9168874400292815,0.0,0.0,0.0,0.0,2.750250297485029,0.0,3.1644590711871636,16.095268926968274,,3.9325102940665544,False,False,False,True,False,False,False,False,True,True,False,False,False,False,False,False,False,False,True,False,False,False,False,False,False,False,False,False,False,False,False,False,False,False,False,False,False,False,False,False,False,True,False,False,False,False,False,False,True,False,False,False,False,True,False,False,False,False,False,False,False,False,True,False,False,False,False,False,False,False,True,False,False,False,False,False,False,False,False,False,False,False,True,False,False,False,False,False,False,False,False,False,False,False,False,False,False,False,False,True,False,False,False,False,False,False,False,False,True,False,True,False,False,False,False,False,False,False,False,False,False,False,False,False,True,False,False,False,False,True,False
2.055641538058108,6.5538803774442425,21.142513315957828,0.0,0.0,2.440268378362637,2.055641538058108,14.14039782124357,14.14039782124357,12.434432976329628,1.5409627556327752,1.1943176378757767,1.1943176378757767,1.8203341036428238,0.7304631471189666,0.0,13.990324332355753,2.2596737867230705,0.0,9.343376664189085,14.515918362197791,0.0,0.7304631471189666,14.515918362197791,0.0,0.0,14.515918362197791,0.7304631471189666,0.0,1.1943176378757767,0.0,1.5409627556327752,0.7304631471189666,1.5409627556327752,2.6025944687727294,2.2596737867230705,1.1943176378757767,1.1943176378757767,14.14039782124357,0.0,1.1943176378757767,10.35226609224141,2.055641538058108,2.055641538058108,1.1943176378757767,9.025890350388508,0.0,0.0,0.0,0.0,0.0,0.0,1.8203341036428238,0.7304631471189666,3.1734084074731985,16.836090334386007,,4.745132396064701,False,False,False,True,False,False,False,False,True,False,False,False,False,True,False,False,False,False,False,False,False,False,False,False,False,False,True,False,False,False,False,False,False,False,False,False,False,False,False,False,False,True,False,False,False,False,False,False,True,False,False,False,False,False,False,True,False,False,False,False,False,False,True,False,False,False,False,False,False,False,False,False,False,False,False,False,True,False,False,False,False,False,False,False,False,False,False,False,False,False,False,False,True,False,False,False,False,False,False,True,False,False,False,False,False,False,False,False,True,False,True,False,False,False,False,False,False,False,False,False,False,False,False,False,True,False,False,False,False,True,False
2.055641538058108,5.942124359831237,18.80344094012539,1.5409627556327752,0.0,1.8203341036428238,2.055641538058108,14.154600081009745,14.192206665778837,0.0,1.5409627556327752,1.8203341036428238,1.8203341036428238,1.8203341036428238,1.5409627556327752,0.0,10.585005856057766,2.2596737867230705,0.0,8.864879392672357,11.657080698464595,1.8203341036428238,0.7304631471189666,11.657080698464595,0.0,0.0,11.657080698464595,0.7304631471189666,0.0,0.7304631471189666,0.0,1.1943176378757767,0.7304631471189666,1.5409627556327752,1.8203341036428238,2.2596737867230705,0.0,1.5409627556327752,14.162466567064346,1.5409627556327752,1.1943176378757767,9.459636543250584,2.055641538058108,2.055641538058108,1.1943176378757767,0.0,0.0,0.0,0.0,0.0,0.0,0.0,2.6025944687727294,0.7304631471189666,3.1022125697692693,13.663001135317261,,3.858806663498184,False,False,False,True,False,False,False,False,True,True,False,False,False,False,False,False,False,False,False,False,False,False,False,False,False,True,False,False,False,False,False,False,False,False,False,False,False,False,False,False,False,True,False,False,False,False,False,False,True,False,False,False,False,False,False,True,False,False,False,False,False,False,True,False,False,False,False,False,False,False,False,False,False,True,False,False,False,False,False,False,False,False,False,False,False,False,False,False,False,False,False,False,True,False,False,False,False,False,False,True,False,False,False,False,False,False,False,False,True,False,False,False,False,False,True,False,False,False,False,False,False,False,False,False,True,False,False,False,False,True,False
2.885846472488202,6.07328940298831,19.930004380126825,0.0,0.0,2.440268378362637,1.8203341036428238,14.179713812657004,14.179713812657004,4.969939052451073,1.5409627556327752,1.8203341036428238,1.1943176378757767,1.8203341036428238,1.5409627556327752,2.2596737867230705,0.0,2.2596737867230705,0.0,11.614566638515486,11.614566638515486,1.1943176378757767,0.7304631471189666,11.784498616598318,11.617856898967641,0.0,13.713142942198777,0.0,0.0,1.1943176378757767,0.7304631471189666,1.5409627556327752,0.7304631471189666,1.5409627556327752,2.440268378362637,2.2596737867230705,0.7304631471189666,2.055641538058108,14.179713812657004,0.0,1.1943176378757767,9.876753739288326,2.055641538058108,2.055641538058108,1.1943176378757767,0.0,6.533131230124546,0.0,0.0,8.954597211387142,0.0,0.0,1.5409627556327752,1.5409627556327752,3.1426578949541972,14.956301539230397,,4.38094603344487,False,False,False,True,False,False,False,False,True,True,False,False,False,False,False,False,False,False,False,False,False,False,True,False,False,False,False,False,False,False,False,False,False,False,False,False,False,False,False,False,False,True,False,False,False,False,False,False,True,False,False,False,False,False,False,False,False,False,True,False,False,False,True,False,False,False,False,False,False,False,False,False,False,False,False,False,False,False,False,True,False,False,False,False,False,False,False,False,False,False,False,False,False,False,False,True,False,False,False,False,True,False,False,False,False,False,False,False,True,False,True,False,False,False,False,False,False,False,False,False,False,False,False,False,True,False,False,False,False,True,False
2.055641538058108,6.337529394588084,19.953155697901853,1.5409627556327752,0.0,2.055641538058108,2.2596737867230705,14.110233605762662,14.187526814497952,6.732788372480494,1.5409627556327752,1.8203341036428238,1.8203341036428238,1.8203341036428238,1.5409627556327752,0.0,9.178050664421775,0.7304631471189666,9.473006456190069,9.740250837817678,12.359144085883107,1.1943176378757767,0.7304631471189666,12.359144085883107,0.0,0.0,12.359144085883107,0.7304631471189666,0.0,0.7304631471189666,0.0,1.5409627556327752,0.7304631471189666,1.5409627556327752,2.2596737867230705,2.2596737867230705,0.0,1.5409627556327752,14.165608453322646,1.5409627556327752,1.1943176378757767,10.221051196470764,2.055641538058108,2.055641538058108,1.1943176378757767,0.0,0.0,0.0,0.0,0.0,0.0,0.0,2.440268378362637,1.8203341036428238,3.1150564988377067,14.442335277481027,,4.492017742920502,False,False,False,True,False,False,False,False,True,False,False,False,False,True,False,False,False,False,False,False,False,False,False,False,False,False,True,False,False,False,False,False,False,False,False,False,False,False,False,False,False,True,False,False,False,False,False,False,True,False,False,False,False,False,False,True,False,False,False,False,False,False,True,False,False,False,False,False,False,False,False,False,False,False,False,False,False,False,False,False,True,False,False,False,False,False,False,False,False,False,False,False,False,False,False,False,True,False,False,True,False,False,False,False,False,False,False,False,True,False,True,False,False,False,False,False,False,False,False,False,False,False,False,False,True,False,False,False,False,True,False
2.750250297485029,5.684506656824126,17.785749333937567,1.5409627556327752,0.0,1.5409627556327752,2.055641538058108,14.047528636178493,14.103851511653946,0.0,1.1943176378757767,1.1943176378757767,0.7304631471189666,1.8203341036428238,1.5409627556327752,2.2596737867230705,0.0,2.2596737867230705,0.0,11.640795289083194,11.640795289083194,1.1943176378757767,0.0,11.640795289083194,11.386070382335241,0.0,13.506337214814053,0.0,0.0,1.1943176378757767,0.0,1.5409627556327752,1.1943176378757767,1.5409627556327752,2.6025944687727294,2.2596737867230705,0.0,1.5409627556327752,14.047528636178493,1.5409627556327752,0.7304631471189666,9.58419077124981,2.055641538058108,2.055641538058108,1.1943176378757767,0.0,0.0,8.125546157091508,0.0,0.0,0.0,0.0,2.440268378362637,1.8203341036428238,3.080608549548236,14.820403837181239,,3.4381104434026533,False,False,False,False,True,False,False,False,True,True,False,False,False,False,False,False,False,False,False,False,False,False,False,False,False,False,False,False,False,False,False,True,False,False,False,False,False,False,False,False,False,True,False,False,False,False,False,False,True,False,False,False,False,False,False,False,False,False,True,False,False,False,False,True,False,False,False,False,False,False,False,False,False,False,False,False,False,False,False,True,False,False,False,False,False,False,False,False,False,False,False,False,False,False,False,True,False,False,False,True,False,False,False,False,False,False,False,False,True,False,False,False,False,False,True,False,False,False,False,False,False,False,False,False,True,False,False,False,False,True,False
1.5409627556327752,3.9325102940665544,13.48933930555261,1.5409627556327752,0.0,1.8203341036428238,1.8203341036428238,14.14039782124357,14.14039782124357,0.0,1.5409627556327752,1.8203341036428238,1.1943176378757767,1.8203341036428238,0.7304631471189666,1.1943176378757767,10.072964688066048,2.2596737867230705,0.0,0.0,10.072964688066048,1.8203341036428238,0.7304631471189666,10.401242904600743,10.072964688066048,0.0,12.091404736594225,0.7304631471189666,0.0,0.7304631471189666,0.0,1.1943176378757767,0.7304631471189666,1.5409627556327752,2.055641538058108,2.2596737867230705,0.0,1.5409627556327752,14.14039782124357,1.5409627556327752,0.7304631471189666,9.002329725380731,2.055641538058108,2.055641538058108,1.1943176378757767,7.020909424392293,6.674652276188349,0.0,0.0,0.0,0.0,0.0,1.1943176378757767,1.5409627556327752,3.061248440294864,13.201548416989949,,3.5304192649587702,False,False,False,False,True,False,False,False,True,False,False,False,False,True,False,False,False,False,False,False,False,False,False,False,True,False,False,False,False,False,False,False,False,False,False,False,False,False,False,False,False,True,False,False,False,False,False,False,False,False,False,True,False,False,False,False,False,False,False,False,True,False,True,False,False,False,False,False,False,False,False,False,True,False,False,False,False,False,False,False,False,False,False,False,False,False,False,True,False,False,False,False,False,False,False,False,False,False,False,True,False,False,False,False,False,False,False,False,True,False,False,False,True,False,False,False,False,False,False,False,False,False,False,False,True,False,False,False,False,True,False
2.055641538058108,6.047663906109832,19.223651239388996,0.0,0.0,1.8203341036428238,2.2596737867230705,14.11342049157323,14.11342049157323,0.0,1.5409627556327752,1.8203341036428238,1.8203341036428238,1.8203341036428238,1.5409627556327752,0.0,8.39538258223558,2.2596737867230705,0.0,11.237719733475835,11.987363555250518,0.0,0.7304631471189666,11.987363555250518,0.0,0.0,11.987363555250518,0.0,0.0,0.7304631471189666,0.0,1.1943176378757767,0.7304631471189666,1.5409627556327752,1.8203341036428238,2.2596737867230705,0.0,1.5409627556327752,14.11342049157323,1.5409627556327752,0.7304631471189666,8.88963985670167,2.055641538058108,2.055641538058108,1.1943176378757767,0.0,0.0,0.0,0.0,0.0,0.0,0.0,2.2596737867230705,1.1943176378757767,3.1076119954384525,14.02964653109148,,4.137710644618417,False,False,False,True,False,False,False,False,True,False,False,False,False,True,False,False,False,False,False,False,False,False,False,False,False,False,True,False,False,False,False,False,False,False,False,False,False,False,False,False,False,True,False,False,False,False,False,False,True,False,False,False,False,False,False,True,False,False,False,False,False,False,True,False,False,False,False,False,False,False,False,False,False,False,False,False,False,False,False,True,False,False,False,False,False,False,False,False,False,False,False,False,False,False,False,True,False,False,False,True,False,False,False,False,True,False,False,False,False,False,False,False,False,False,True,False,False,False,False,False,False,False,False,False,True,False,False,False,False,True,False
2.750250297485029,5.357203202420049,19.296378926175127,1.5409627556327752,0.0,2.055641538058108,1.8203341036428238,14.10065629283109,14.184403604277843,0.0,1.5409627556327752,1.8203341036428238,1.8203341036428238,1.8203341036428238,1.5409627556327752,0.7304631471189666,9.294080796212425,1.1943176378757767,5.0120772195485275,8.986510387427588,11.038947685692156,1.8203341036428238,0.7304631471189666,12.322184880517035,8.243098627365722,0.0,12.84502328410502,0.7304631471189666,0.0,0.7304631471189666,0.0,1.1943176378757767,0.7304631471189666,1.5409627556327752,2.2596737867230705,1.1943176378757767,0.0,1.5409627556327752,14.10065629283109,1.5409627556327752,0.7304631471189666,8.511219710154146,2.055641538058108,2.055641538058108,1.1943176378757767,0.0,0.0,0.0,0.0,0.0,0.0,0.0,0.0,1.1943176378757767,3.0999745140171657,14.115012896462307,,3.858806663498184,False,False,False,False,True,False,False,False,True,False,False,False,False,True,False,False,False,True,False,False,False,False,False,False,False,False,False,False,False,False,False,False,False,False,False,False,False,False,False,False,False,True,False,False,False,False,False,False,True,False,False,False,False,True,False,False,False,False,False,False,False,False,True,False,False,False,False,False,False,False,False,False,False,False,False,False,False,False,False,False,True,False,False,False,False,False,False,False,False,False,False,False,False,False,False,False,True,False,False,True,False,False,False,False,False,False,False,False,True,False,False,False,False,False,True,False,False,False,False,False,False,False,False,False,True,False,False,False,False,True,False
3.4381104434026533,6.02174235239564,20.17413677793495,1.5409627556327752,0.0,1.8203341036428238,1.8203341036428238,14.132483878148475,14.132483878148475,0.0,1.5409627556327752,1.8203341036428238,1.8203341036428238,1.8203341036428238,1.5409627556327752,2.2596737867230705,0.0,2.2596737867230705,0.0,13.800980223814683,13.800980223814683,1.8203341036428238,0.0,13.800980223814683,0.0,0.0,13.800980223814683,0.0,0.0,1.1943176378757767,0.0,1.8203341036428238,1.1943176378757767,1.5409627556327752,2.6025944687727294,2.2596737867230705,0.0,1.5409627556327752,0.0,0.7304631471189666,0.0,0.0,1.5409627556327752,1.5409627556327752,1.1943176378757767,0.0,0.0,0.0,0.0,0.0,0.0,0.0,2.2596737867230705,1.8203341036428238,3.108242049909875,16.042646528578004,,3.5304192649587702,False,False,False,True,False,False,False,False,True,False,False,False,False,True,False,False,False,False,False,False,False,False,False,False,False,False,False,False,False,False,False,False,False,True,False,False,False,False,False,False,False,True,False,False,False,False,False,False,False,False,True,False,False,False,False,True,False,False,False,False,False,False,False,False,True,False,False,False,False,False,False,False,False,True,False,False,False,False,False,False,False,False,False,False,False,False,False,False,True,False,False,False,False,False,False,False,False,False,False,True,False,False,False,False,False,False,False,False,True,False,False,False,False,False,False,True,False,False,False,False,False,False,False,False,True,False,False,False,False,True,False
2.750250297485029,5.684506656824126,20.046172866969787,1.5409627556327752,0.0,2.055641538058108,2.055641538058108,14.039411253843634,14.153024760995686,0.0,1.5409627556327752,1.8203341036428238,1.8203341036428238,1.8203341036428238,1.5409627556327752,2.2596737867230705,0.0,2.2596737867230705,0.0,9.951171656935063,9.951171656935063,1.1943176378757767,0.7304631471189666,11.07816347409165,10.506270963009685,0.0,12.71751399885737,0.0,0.0,0.7304631471189666,0.7304631471189666,1.1943176378757767,0.7304631471189666,1.5409627556327752,2.055641538058108,2.2596737867230705,0.0,1.5409627556327752,14.129313517307915,1.5409627556327752,1.1943176378757767,9.951171656935063,2.055641538058108,2.055641538058108,1.1943176378757767,6.07328940298831,0.0,7.15298821355506,0.0,0.0,0.0,0.0,2.440268378362637,1.5409627556327752,3.083385412961572,13.626751681500497,,4.2014612941903655,False,False,False,False,True,False,False,False,True,True,False,False,False,False,False,False,False,False,False,False,False,False,False,False,False,False,False,False,False,False,False,True,False,False,False,False,False,False,False,False,False,True,False,False,False,False,False,False,True,False,False,False,False,False,False,False,False,False,True,False,False,False,True,False,False,False,False,False,False,False,False,False,False,False,False,False,False,False,False,False,True,False,False,False,False,False,False,False,False,False,False,False,False,False,False,False,True,False,False,False,True,False,False,False,False,False,False,False,True,False,False,False,False,False,True,False,False,False,False,False,False,False,False,False,True,False,False,False,False,True,False
2.885846472488202,6.65495044352145,20.939445909970118,1.5409627556327752,0.0,2.2596737867230705,2.055641538058108,14.132483878148475,14.132483878148475,10.634887347225343,1.5409627556327752,1.1943176378757767,1.1943176378757767,1.8203341036428238,1.5409627556327752,2.055641538058108,9.996045490671595,2.2596737867230705,0.0,9.996045490671595,11.818680333426093,1.8203341036428238,0.7304631471189666,12.602212469658957,12.010768996247894,0.0,14.39836258791878,0.0,0.0,1.1943176378757767,0.7304631471189666,1.8203341036428238,0.7304631471189666,1.1943176378757767,2.6025944687727294,2.2596737867230705,0.7304631471189666,1.1943176378757767,14.132483878148475,0.0,0.7304631471189666,10.317500955076602,2.055641538058108,2.055641538058108,1.1943176378757767,0.0,6.02174235239564,0.0,0.0,8.622253717854797,0.0,0.0,2.6025944687727294,1.5409627556327752,3.1476853825055437,15.53156328568439,,4.492017742920502,False,False,False,True,False,False,False,False,True,True,False,False,False,False,False,False,False,False,False,False,False,False,False,False,False,False,True,False,False,False,False,False,False,False,False,False,False,False,False,False,False,True,False,False,False,False,False,False,True,False,False,False,False,False,False,False,False,False,True,False,False,False,True,False,False,False,False,False,False,False,False,False,False,False,False,False,False,False,False,True,False,False,False,False,False,False,False,False,False,False,False,False,False,False,False,True,False,False,False,True,False,False,False,False,False,False,False,False,True,False,True,False,False,False,False,False,False,False,False,False,False,False,False,False,True,False,False,False,False,True,False
0.0,4.5971567117081165,16.87868020516784,1.5409627556327752,0.0,2.2596737867230705,1.8203341036428238,14.179713812657004,14.179713812657004,9.968079814210054,1.5409627556327752,1.1943176378757767,0.0,0.7304631471189666,1.5409627556327752,1.1943176378757767,12.648319929344316,2.2596737867230705,0.0,4.792129643835174,12.734008209055284,0.0,0.7304631471189666,12.961383438999032,0.0,0.0,12.961383438999032,0.7304631471189666,0.0,1.1943176378757767,0.0,1.1943176378757767,0.7304631471189666,1.5409627556327752,2.055641538058108,2.2596737867230705,0.0,1.5409627556327752,14.179713812657004,0.0,1.1943176378757767,9.746321106905897,2.055641538058108,2.055641538058108,1.1943176378757767,0.0,8.092547689712573,0.0,0.0,0.0,0.0,0.0,2.055641538058108,0.0,3.121610174569927,14.986694808769707,,4.137710644618417,False,False,False,False,True,False,False,False,True,False,False,True,False,False,False,False,False,False,False,False,False,False,False,False,False,True,False,False,False,False,False,False,False,False,False,False,False,False,False,False,False,True,False,False,False,False,False,False,False,False,False,False,True,False,False,True,False,False,False,False,False,False,False,False,True,False,False,False,False,False,False,False,False,False,False,False,False,False,False,True,False,False,False,False,False,False,False,False,False,False,False,False,False,False,False,True,False,False,False,False,True,False,False,False,False,False,False,False,True,False,True,False,False,False,False,False,False,False,False,False,False,False,False,False,True,False,False,False,False,True,False
2.055641538058108,6.172972078519893,19.955503688630856,1.5409627556327752,0.0,2.6025944687727294,1.8203341036428238,14.193765294899785,14.193765294899785,10.105326135535595,1.5409627556327752,1.8203341036428238,1.1943176378757767,1.8203341036428238,1.5409627556327752,1.1943176378757767,4.6477085871174175,2.2596737867230705,0.0,13.362137469006337,13.426308766626907,0.0,0.7304631471189666,13.426308766626907,0.0,0.0,13.426308766626907,0.0,0.0,1.1943176378757767,0.0,1.5409627556327752,0.7304631471189666,1.1943176378757767,2.2596737867230705,2.2596737867230705,0.7304631471189666,1.1943176378757767,14.193765294899785,1.1943176378757767,1.5409627556327752,11.36122780975167,2.055641538058108,2.055641538058108,1.1943176378757767,7.397497957722461,6.63508209979253,0.0,0.0,0.0,0.0,0.0,0.7304631471189666,1.1943176378757767,3.173858693899115,15.626816219681386,,4.5971567117081165,False,False,False,True,False,False,False,False,True,False,False,False,False,True,False,False,False,False,False,False,False,False,False,False,False,False,False,False,False,False,False,False,False,False,False,True,False,False,False,False,False,True,False,False,False,False,False,False,True,False,False,False,False,False,False,True,False,False,False,False,False,False,True,False,False,False,False,False,False,False,False,False,False,False,False,False,False,False,False,True,False,False,False,False,False,False,False,False,False,False,False,False,False,False,False,True,False,False,False,False,True,False,False,False,False,False,False,False,True,False,True,False,False,False,False,False,False,False,False,False,False,False,False,False,True,False,False,False,False,True,False
2.055641538058108,6.221213632878419,19.410835177738594,0.0,0.0,2.055641538058108,1.8203341036428238,14.119785966903773,14.119785966903773,5.859551208605442,1.5409627556327752,1.8203341036428238,1.8203341036428238,1.8203341036428238,1.5409627556327752,2.2596737867230705,0.0,2.2596737867230705,0.0,12.303551331145187,12.303551331145187,1.1943176378757767,0.7304631471189666,12.303551331145187,0.0,0.0,12.303551331145187,0.0,0.0,0.7304631471189666,0.7304631471189666,1.5409627556327752,0.7304631471189666,1.5409627556327752,2.2596737867230705,2.2596737867230705,0.0,1.5409627556327752,14.141978564871918,1.5409627556327752,1.1943176378757767,10.067536496617619,2.055641538058108,2.055641538058108,1.1943176378757767,6.07328940298831,0.0,0.0,0.0,0.0,0.0,0.0,2.750250297485029,0.7304631471189666,3.099521265742435,14.380626889331491,,3.858806663498184,False,False,False,True,False,False,False,False,True,False,False,False,False,True,False,False,False,False,False,False,False,False,False,False,False,False,True,False,False,False,False,False,False,False,False,False,False,False,False,False,False,True,False,False,False,False,False,False,True,False,False,False,False,False,False,True,False,False,False,False,False,False,True,False,False,False,False,False,False,False,False,False,False,False,False,True,False,False,False,False,False,False,False,False,False,False,False,False,False,False,True,False,False,False,False,False,False,False,False,True,False,False,False,False,False,False,False,False,True,False,False,False,False,False,True,False,True,False,False,False,False,False,False,False,False,False,False,False,False,True,False
3.2377281976988326,5.80273872401839,19.24878201088192,0.0,0.0,2.440268378362637,1.8203341036428238,14.175018034740056,14.176583960216393,4.003419248109409,1.5409627556327752,1.8203341036428238,1.1943176378757767,1.8203341036428238,1.5409627556327752,2.2596737867230705,0.0,2.2596737867230705,0.0,9.616086912297321,9.616086912297321,1.1943176378757767,0.7304631471189666,11.521047611844585,11.031045151827064,0.0,13.250499378008083,0.0,0.0,1.1943176378757767,0.7304631471189666,1.5409627556327752,0.7304631471189666,1.5409627556327752,2.440268378362637,2.2596737867230705,0.7304631471189666,2.055641538058108,14.175018034740056,0.0,1.1943176378757767,9.71584164008783,2.055641538058108,2.055641538058108,1.1943176378757767,7.020909424392293,6.02174235239564,0.0,0.0,0.0,0.0,11.147538247731704,2.440268378362637,1.5409627556327752,3.132155631184732,13.953902545057643,,4.38094603344487,False,False,False,True,False,False,False,False,True,False,False,False,False,True,False,False,False,False,False,False,False,False,True,False,False,False,False,False,False,False,False,False,False,False,False,False,False,False,False,False,False,True,False,False,False,False,False,False,True,False,False,False,False,False,False,False,False,False,False,False,True,False,True,False,False,False,False,False,False,False,False,False,False,True,False,False,False,False,False,False,False,False,False,False,False,False,False,False,True,False,False,False,False,False,False,False,False,False,False,False,True,False,False,False,False,False,False,False,True,False,False,False,True,False,False,False,False,False,False,False,False,False,False,False,True,False,False,False,False,True,False
2.885846472488202,7.0378181972974625,21.828458703745397,1.5409627556327752,0.0,2.6025944687727294,1.8203341036428238,14.168747656702982,14.170316253871071,8.897843946804546,1.1943176378757767,1.8203341036428238,1.1943176378757767,1.8203341036428238,1.5409627556327752,2.2596737867230705,0.0,2.2596737867230705,0.0,12.851844098897306,12.851844098897306,0.0,0.7304631471189666,12.881245932333973,12.436999351261838,0.0,14.783327846168053,0.0,0.0,1.1943176378757767,0.7304631471189666,1.8203341036428238,0.7304631471189666,1.1943176378757767,2.750250297485029,2.2596737867230705,0.7304631471189666,2.055641538058108,14.168747656702982,1.5409627556327752,1.1943176378757767,10.072964688066048,2.055641538058108,2.055641538058108,1.1943176378757767,7.136865651218368,6.268453117386751,0.0,0.0,0.0,0.0,0.0,2.2596737867230705,0.0,3.1803877742104754,16.202195301918568,,4.5971567117081165,False,False,False,True,False,False,False,False,True,True,False,False,False,False,False,False,False,False,False,False,False,False,False,False,False,False,False,False,False,True,False,False,False,False,False,False,False,False,False,False,False,True,False,False,False,False,False,False,True,False,False,False,False,False,False,False,False,False,True,False,False,False,False,False,True,False,False,False,False,False,False,False,False,True,False,False,False,False,False,False,False,False,False,False,False,False,False,False,True,False,False,False,False,False,False,False,False,False,False,True,False,False,False,False,False,False,False,False,True,False,True,False,False,False,False,False,False,False,False,False,False,False,False,False,True,False,False,False,False,True,False
2.885846472488202,7.054609570753338,20.579564917050792,0.7304631471189666,0.0,2.2596737867230705,1.8203341036428238,14.19064737641105,14.19064737641105,0.0,1.1943176378757767,1.8203341036428238,1.1943176378757767,1.8203341036428238,0.0,2.2596737867230705,0.0,2.2596737867230705,0.0,11.085948006884667,11.085948006884667,0.0,0.7304631471189666,11.085948006884667,11.756262399878192,0.0,13.420522821140821,0.0,0.0,1.1943176378757767,0.7304631471189666,1.5409627556327752,0.7304631471189666,1.1943176378757767,2.2596737867230705,2.2596737867230705,0.7304631471189666,1.1943176378757767,14.19064737641105,0.0,1.1943176378757767,9.71584164008783,2.055641538058108,2.055641538058108,1.1943176378757767,6.65495044352145,4.882972919330174,0.0,0.0,0.0,0.0,0.0,2.055641538058108,1.5409627556327752,3.135773699329999,14.545800970549605,,4.137710644618417,False,False,False,True,False,False,False,False,True,False,False,False,False,True,False,False,False,False,False,False,False,False,True,False,False,False,False,False,False,False,False,False,False,False,False,False,False,False,False,False,False,True,False,False,False,False,False,False,True,False,False,False,False,False,False,False,False,False,True,False,False,False,True,False,False,False,False,False,False,False,False,False,False,False,False,False,False,False,False,True,False,False,False,False,False,False,False,False,False,False,False,False,False,False,False,True,False,False,False,False,True,False,False,False,False,False,False,False,True,False,False,False,True,False,False,False,False,False,False,False,False,False,False,False,True,False,False,False,False,True,False
1.1943176378757767,4.969939052451073,16.42372402751188,1.5409627556327752,0.0,2.2596737867230705,1.8203341036428238,14.196880574832942,14.196880574832942,6.1236810031695965,1.1943176378757767,1.8203341036428238,1.1943176378757767,1.8203341036428238,0.0,2.2596737867230705,0.0,2.2596737867230705,0.0,10.792672918963946,10.792672918963946,0.0,0.7304631471189666,10.792672918963946,10.792672918963946,0.0,12.703312528294827,0.0,0.0,1.1943176378757767,0.7304631471189666,1.1943176378757767,0.7304631471189666,1.1943176378757767,1.8203341036428238,2.2596737867230705,0.0,1.5409627556327752,14.196880574832942,1.1943176378757767,1.1943176378757767,10.410943347638753,2.055641538058108,2.055641538058108,1.1943176378757767,0.0,8.453929696886426,0.0,0.0,0.0,0.0,0.0,2.6025944687727294,1.5409627556327752,3.1294443866395723,13.917112523542027,,4.137710644618417,False,True,False,False,False,False,False,False,True,True,False,False,False,False,False,False,False,False,False,False,False,False,False,False,False,False,False,False,False,False,False,False,False,False,False,True,False,False,False,False,False,True,False,False,False,False,False,False,False,False,False,False,True,False,False,False,False,False,True,False,False,False,True,False,False,False,False,False,False,False,False,False,False,False,False,False,False,False,False,True,False,False,False,False,False,False,False,False,False,False,False,False,False,False,False,True,False,False,False,False,True,False,False,False,False,False,False,False,True,False,False,False,False,False,True,False,False,False,False,False,False,False,True,False,False,False,False,False,False,False,True
2.750250297485029,6.7518534232408225,19.22135975656912,0.0,0.0,1.5409627556327752,0.7304631471189666,14.047528636178493,14.154600081009745,0.0,0.7304631471189666,0.7304631471189666,1.8203341036428238,0.0,1.5409627556327752,2.2596737867230705,0.0,2.2596737867230705,0.0,12.161777471692357,12.161777471692357,1.8203341036428238,0.0,12.161777471692357,0.0,10.337416044520737,13.354279436455716,0.0,0.0,0.7304631471189666,0.0,1.1943176378757767,0.7304631471189666,0.7304631471189666,2.2596737867230705,2.2596737867230705,0.0,1.5409627556327752,0.0,0.7304631471189666,0.0,0.0,1.5409627556327752,1.5409627556327752,0.0,0.0,0.0,7.566242862974528,0.0,0.0,0.0,0.0,0.7304631471189666,1.5409627556327752,3.0532152978373435,14.223254605029657,,1.5409627556327752,True,False,False,False,False,False,False,False,True,True,False,False,False,False,False,False,False,False,False,False,False,False,False,True,False,False,False,False,False,False,False,False,False,False,False,False,False,False,False,False,True,False,False,False,False,False,False,False,True,False,False,False,False,True,False,False,False,False,False,False,False,False,False,False,True,False,False,False,False,False,False,False,False,False,False,False,True,False,False,False,False,False,False,False,False,False,False,False,False,False,False,False,True,False,False,False,False,False,False,True,False,False,False,False,False,False,False,False,True,False,False,False,False,False,False,True,False,False,False,True,False,False,False,False,False,True,False,False,False,False,False
2.055641538058108,5.684506656824126,19.03420440804751,1.5409627556327752,0.0,1.8203341036428238,1.8203341036428238,14.173451442269636,14.175018034740056,0.0,1.5409627556327752,1.8203341036428238,1.1943176378757767,1.8203341036428238,1.5409627556327752,1.1943176378757767,10.68838996487107,2.2596737867230705,0.0,9.72807198077492,12.097089863928765,0.0,0.7304631471189666,12.097089863928765,0.0,0.0,12.097089863928765,0.7304631471189666,0.0,0.7304631471189666,0.0,1.5409627556327752,0.7304631471189666,1.5409627556327752,2.055641538058108,2.2596737867230705,0.0,1.5409627556327752,0.0,0.7304631471189666,0.0,0.0,1.5409627556327752,1.5409627556327752,1.1943176378757767,0.0,0.0,0.0,0.0,0.0,0.0,0.0,2.885846472488202,0.7304631471189666,3.096854158859178,14.151448765245362,,3.5304192649587702,False,False,False,True,False,False,False,False,True,False,False,False,False,True,False,False,False,False,False,True,False,False,False,False,False,False,False,False,False,False,False,False,False,False,False,False,False,False,False,False,False,True,False,False,False,False,False,False,True,False,False,False,False,False,False,True,False,False,False,False,False,False,True,False,False,False,False,False,False,False,False,False,False,False,False,False,False,False,False,True,False,False,False,False,False,False,False,False,False,False,False,False,False,False,False,True,False,False,False,False,True,False,False,False,False,False,False,False,True,False,False,False,False,False,False,True,False,False,False,False,False,False,False,False,True,False,False,False,False,True,False
2.055641538058108,5.684506656824126,18.598237927298484,1.5409627556327752,0.0,1.8203341036428238,1.8203341036428238,14.103851511653946,14.103851511653946,0.0,1.5409627556327752,1.8203341036428238,1.5409627556327752,1.1943176378757767,1.8203341036428238,1.8203341036428238,0.0,1.8203341036428238,0.0,0.0,0.0,1.8203341036428238,0.7304631471189666,12.236142518909933,0.0,0.0,12.236142518909933,0.0,0.0,0.7304631471189666,0.0,1.1943176378757767,0.7304631471189666,1.5409627556327752,1.8203341036428238,2.2596737867230705,0.0,1.5409627556327752,14.103851511653946,1.5409627556327752,1.1943176378757767,9.835883259370169,2.055641538058108,2.055641538058108,1.1943176378757767,0.0,4.4372688011897266,0.0,0.0,0.0,0.0,0.0,2.750250297485029,0.0,3.0832799116823977,12.236142518909933,,3.5304192649587702,False,False,False,True,False,False,False,False,True,False,False,False,False,True,False,False,False,False,False,False,False,False,False,False,False,False,True,False,False,False,False,False,False,False,False,False,False,False,False,False,False,True,False,False,False,False,False,False,True,False,False,False,False,False,False,True,False,False,False,False,False,False,True,False,False,False,False,False,False,False,True,False,False,False,False,False,False,False,False,False,False,False,False,False,False,False,False,False,False,False,False,False,False,False,False,False,True,False,False,False,False,True,False,False,True,False,False,False,False,False,False,False,False,False,True,False,False,False,False,False,False,False,False,False,True,False,False,False,False,True,False
2.055641538058108,6.337529394588084,19.23509144804234,1.5409627556327752,0.0,2.055641538058108,1.1943176378757767,14.121375611147648,14.121375611147648,8.136453549445715,1.5409627556327752,1.8203341036428238,1.8203341036428238,1.8203341036428238,1.5409627556327752,2.055641538058108,10.74097393831022,2.2596737867230705,0.0,10.889403514652981,12.729303683571777,1.8203341036428238,0.7304631471189666,12.729303683571777,0.0,0.0,12.729303683571777,0.0,0.0,0.7304631471189666,0.0,1.1943176378757767,0.7304631471189666,1.5409627556327752,2.2596737867230705,2.2596737867230705,0.0,1.5409627556327752,14.121375611147648,1.5409627556327752,1.1943176378757767,10.169007130464756,2.055641538058108,2.055641538058108,1.1943176378757767,0.0,0.0,0.0,0.0,0.0,0.0,0.0,1.5409627556327752,0.0,3.0706474450247234,14.853203793880695,,2.885846472488202,False,False,False,True,False,False,False,False,True,False,False,False,False,True,False,False,False,False,False,False,False,False,False,False,False,False,True,False,False,False,False,False,False,False,False,False,False,False,False,False,False,True,False,False,False,False,False,False,True,False,False,False,False,False,False,True,False,False,False,False,False,False,False,False,True,False,False,False,False,False,False,False,False,True,False,False,False,False,False,False,False,False,False,False,False,False,False,False,True,False,False,False,False,False,False,False,False,False,False,True,False,False,False,False,False,False,False,False,True,False,True,False,False,False,False,False,False,False,False,False,False,False,False,False,True,True,False,False,False,False,False
2.2596737867230705,6.221213632878419,21.05278184255903,0.0,0.0,2.055641538058108,2.2596737867230705,14.057245761414583,14.192206665778837,0.0,1.5409627556327752,1.1943176378757767,1.1943176378757767,1.8203341036428238,1.5409627556327752,0.0,11.196706580510563,2.2596737867230705,0.0,7.659675454722643,11.756262399878192,0.0,0.7304631471189666,12.022409670551795,0.0,0.0,12.022409670551795,0.7304631471189666,0.0,0.7304631471189666,0.0,1.1943176378757767,0.7304631471189666,1.5409627556327752,2.055641538058108,2.2596737867230705,0.0,1.5409627556327752,14.057245761414583,1.5409627556327752,1.1943176378757767,9.905600473990324,2.055641538058108,2.055641538058108,1.1943176378757767,0.0,0.0,5.133567292834431,0.0,0.0,0.0,0.0,2.885846472488202,1.5409627556327752,3.1287555970078125,13.923829373639641,,4.492017742920502,False,False,False,True,False,False,True,False,False,False,False,False,False,True,False,False,False,False,False,False,True,False,False,False,False,False,False,False,False,False,False,False,False,False,False,False,False,False,False,False,False,True,False,False,False,False,False,False,True,False,False,False,False,False,False,True,False,False,False,False,False,False,True,False,False,False,False,False,False,False,False,False,False,False,False,False,False,False,False,False,True,False,False,False,False,False,False,False,False,False,False,False,False,False,False,False,True,False,True,False,False,False,False,False,False,False,False,False,True,False,False,False,False,False,True,False,False,False,False,False,False,False,False,False,True,False,False,False,False,True,False
1.8203341036428238,5.684506656824126,18.598237927298484,1.5409627556327752,0.0,2.2596737867230705,2.055641538058108,14.039411253843634,14.179713812657004,0.0,1.5409627556327752,1.8203341036428238,1.8203341036428238,0.0,1.1943176378757767,2.055641538058108,12.252445114913584,2.2596737867230705,0.0,7.724358962810533,12.67951148163445,0.0,0.0,12.787651035959893,12.211538234168557,0.0,14.611829573292558,0.0,0.7304631471189666,1.1943176378757767,0.0,1.8203341036428238,1.1943176378757767,1.5409627556327752,2.750250297485029,2.2596737867230705,0.7304631471189666,1.1943176378757767,14.023122182650834,1.5409627556327752,1.1943176378757767,10.302477323271576,2.055641538058108,2.055641538058108,1.1943176378757767,0.0,0.0,0.0,0.0,6.63508209979253,0.0,0.0,1.1943176378757767,0.7304631471189666,3.1060418542931862,16.01267938420555,,4.492017742920502,True,False,False,False,False,False,False,False,True,True,False,False,False,False,False,False,False,False,False,False,False,False,False,False,False,False,False,False,False,False,False,True,False,False,False,False,False,False,False,False,False,True,False,False,False,False,False,False,False,True,False,False,False,False,False,False,False,True,False,False,False,False,False,False,True,False,False,False,False,False,False,False,False,False,False,True,False,False,False,False,False,False,False,False,False,False,False,False,False,False,True,False,False,False,False,False,False,False,True,False,False,False,False,False,False,False,False,False,True,False,False,False,False,False,True,False,False,False,False,False,False,False,False,False,True,False,False,False,False,True,False
2.885846472488202,5.942124359831237,19.60253178266162,0.0,0.0,2.2596737867230705,1.8203341036428238,14.178149219316415,14.178149219316415,0.0,1.5409627556327752,1.1943176378757767,1.1943176378757767,1.8203341036428238,1.5409627556327752,1.1943176378757767,10.942769292012862,2.2596737867230705,0.0,7.824546029563348,11.588122995478582,0.0,0.7304631471189666,11.846383184934503,11.771979428960906,0.0,13.83208545463177,0.7304631471189666,0.0,1.1943176378757767,0.7304631471189666,1.5409627556327752,0.7304631471189666,1.1943176378757767,2.440268378362637,2.2596737867230705,0.0,1.5409627556327752,14.178149219316415,1.1943176378757767,1.1943176378757767,11.085948006884667,2.055641538058108,2.055641538058108,1.1943176378757767,0.0,7.6465380079030645,0.0,0.0,0.0,0.0,0.0,2.440268378362637,0.7304631471189666,3.153989388351322,15.031836294256662,,4.137710644618417,False,False,False,True,False,False,False,False,True,False,False,False,False,True,False,False,False,False,False,True,False,False,False,False,False,False,False,False,False,False,False,False,False,False,False,False,False,False,False,False,False,True,False,False,False,False,False,False,True,False,False,False,False,False,False,False,False,False,True,False,False,False,True,False,False,False,False,False,False,False,False,False,False,False,False,False,False,False,False,True,False,False,False,False,False,False,False,False,False,False,False,False,False,False,False,True,False,False,False,False,True,False,False,False,False,False,False,False,True,False,True,False,False,False,False,False,False,False,False,False,False,False,False,False,True,False,False,False,False,True,False
2.885846472488202,5.80273872401839,19.779714249569583,0.7304631471189666,0.0,2.2596737867230705,2.440268378362637,14.171884182186483,14.171884182186483,5.914940018959451,0.0,1.1943176378757767,1.1943176378757767,0.7304631471189666,1.5409627556327752,0.0,9.103010378675691,2.2596737867230705,0.0,9.525867697126678,11.070359541275332,1.1943176378757767,0.7304631471189666,11.070359541275332,11.473246903042902,0.0,13.242388126529248,0.0,0.0,1.1943176378757767,0.7304631471189666,1.5409627556327752,0.7304631471189666,1.5409627556327752,2.2596737867230705,2.2596737867230705,0.7304631471189666,2.055641538058108,14.171884182186483,0.0,1.1943176378757767,9.835883259370169,2.055641538058108,2.055641538058108,1.1943176378757767,8.434556620289202,5.7737732204907655,0.0,0.0,0.0,0.0,10.169007130464756,2.2596737867230705,1.5409627556327752,3.1426578949541972,14.410139546408471,,5.0533710494211155,False,False,False,True,False,False,False,False,True,True,False,False,False,False,False,False,False,False,False,False,False,False,True,False,False,False,False,False,False,False,False,False,False,False,False,False,False,False,False,False,False,True,False,False,False,False,False,False,True,False,False,False,False,False,False,False,False,False,True,False,False,False,True,False,False,False,False,False,False,False,False,False,False,False,False,False,False,False,False,True,False,False,False,False,False,False,False,False,False,False,False,False,False,False,False,True,False,False,False,False,True,False,False,False,False,False,False,False,True,False,False,False,True,False,False,False,False,False,False,False,False,False,False,False,True,False,False,False,False,True,False
2.055641538058108,6.172972078519893,19.978140652180407,0.0,0.0,2.440268378362637,1.8203341036428238,14.18127774085417,14.18127774085417,7.909100235945503,1.1943176378757767,1.8203341036428238,1.1943176378757767,1.8203341036428238,0.0,0.0,12.55299322348049,2.2596737867230705,0.0,9.870950045978935,13.47416155904269,0.0,0.7304631471189666,13.47416155904269,0.0,0.0,13.47416155904269,0.0,0.0,1.1943176378757767,0.0,1.5409627556327752,0.7304631471189666,1.1943176378757767,2.2596737867230705,2.2596737867230705,0.0,1.5409627556327752,14.18127774085417,1.1943176378757767,1.1943176378757767,10.126705474481206,2.055641538058108,2.055641538058108,1.1943176378757767,7.59329340870847,4.4372688011897266,0.0,0.0,0.0,0.0,0.0,2.885846472488202,0.0,3.1589024989003853,15.679926535914225,,4.38094603344487,False,False,False,True,False,False,False,False,True,False,False,False,False,True,False,False,False,False,False,True,False,False,False,False,False,False,False,False,False,False,False,False,False,False,False,False,False,False,False,False,False,True,False,False,False,False,False,False,True,False,False,False,False,False,False,True,False,False,False,False,False,False,True,False,False,False,False,False,False,False,False,False,False,False,False,False,False,False,False,True,False,False,False,False,False,False,False,False,False,False,False,False,False,False,False,True,False,False,False,False,True,False,False,False,False,False,False,False,True,False,True,False,False,False,False,False,False,False,False,False,False,False,False,False,True,False,False,False,False,True,False
2.055641538058108,6.047663906109832,20.2272507390552,1.5409627556327752,0.0,1.8203341036428238,1.8203341036428238,14.127727309259253,14.127727309259253,5.285266416806648,1.5409627556327752,1.8203341036428238,1.8203341036428238,1.8203341036428238,1.5409627556327752,2.055641538058108,10.371952633774395,2.2596737867230705,0.0,9.951171656935063,12.010768996247894,1.8203341036428238,0.7304631471189666,12.010768996247894,0.0,0.0,12.010768996247894,0.7304631471189666,0.0,0.7304631471189666,0.0,1.5409627556327752,0.7304631471189666,1.5409627556327752,2.2596737867230705,2.2596737867230705,0.0,1.5409627556327752,14.127727309259253,0.0,0.7304631471189666,9.905600473990324,2.055641538058108,2.055641538058108,0.7304631471189666,7.020909424392293,0.0,0.0,0.0,0.0,0.0,0.0,2.440268378362637,0.7304631471189666,3.065986765534585,14.055628032763456,,3.5304192649587702,False,False,False,True,False,False,True,False,False,False,False,False,False,True,False,False,False,False,False,False,False,True,False,False,False,False,False,False,False,False,False,False,False,False,False,False,False,False,False,False,False,True,False,False,False,False,False,False,True,False,False,False,False,False,False,True,False,False,False,False,False,False,False,False,True,False,False,False,False,False,False,False,False,True,False,False,False,False,False,False,False,False,False,False,False,False,False,False,True,False,False,False,False,False,False,False,False,False,False,True,False,False,False,False,False,True,False,False,False,False,True,False,False,False,False,False,False,False,False,False,False,False,False,False,True,False,False,False,False,True,False
2.2596737867230705,6.337529394588084,20.11664115346747,1.5409627556327752,0.0,2.055641538058108,1.8203341036428238,14.055628032763456,14.103851511653946,0.0,1.5409627556327752,1.8203341036428238,1.8203341036428238,1.8203341036428238,1.5409627556327752,0.0,6.808145364123843,2.2596737867230705,0.0,9.391827134755262,10.051191784599274,0.7304631471189666,0.0,11.62442737226658,0.0,0.0,11.62442737226658,0.0,0.0,0.7304631471189666,0.0,1.1943176378757767,0.7304631471189666,1.5409627556327752,2.055641538058108,2.2596737867230705,0.0,1.5409627556327752,14.055628032763456,1.5409627556327752,0.7304631471189666,9.499559509904033,0.7304631471189666,2.055641538058108,1.1943176378757767,0.0,0.0,6.148460831341731,0.0,0.0,0.0,9.71584164008783,2.440268378362637,1.8203341036428238,3.0504021486801665,12.86318219625603,,3.858806663498184,False,False,False,True,False,False,False,False,True,True,False,False,False,False,False,False,False,False,False,False,False,True,False,False,False,False,False,False,False,False,False,False,False,False,False,False,False,False,False,False,False,True,False,False,False,False,False,False,True,False,False,False,False,False,False,True,False,False,False,False,False,False,True,False,False,False,False,False,False,False,False,False,False,False,False,False,False,False,False,False,True,False,False,False,False,False,False,False,False,False,False,False,False,False,False,False,True,False,True,False,False,False,False,False,False,False,False,False,True,False,False,True,False,False,False,False,True,False,False,False,False,False,False,False,False,True,False,False,False,False,False
2.055641538058108,6.148460831341731,19.595352692590208,0.0,0.0,1.8203341036428238,1.8203341036428238,14.118195633475512,14.118195633475512,0.0,1.5409627556327752,1.8203341036428238,1.8203341036428238,1.8203341036428238,1.5409627556327752,0.0,10.603239157716956,2.2596737867230705,0.0,9.596991790493341,11.981486108337531,0.7304631471189666,0.7304631471189666,12.70568354001472,0.0,0.0,12.70568354001472,0.7304631471189666,0.0,0.7304631471189666,0.7304631471189666,1.5409627556327752,0.7304631471189666,1.5409627556327752,2.2596737867230705,2.2596737867230705,0.0,1.5409627556327752,0.0,0.7304631471189666,0.0,0.0,1.5409627556327752,1.5409627556327752,1.1943176378757767,9.405519221765948,0.0,0.0,0.0,0.0,0.0,9.71584164008783,0.0,1.8203341036428238,3.10172417504676,14.446704114149712,,3.5304192649587702,False,False,False,True,False,False,False,False,True,False,False,False,False,True,False,False,False,False,False,False,False,False,False,False,False,False,True,False,False,False,False,False,False,False,False,False,False,False,False,False,False,True,False,False,False,False,False,False,True,False,False,False,False,False,False,True,False,False,False,False,False,False,True,False,False,False,False,False,False,False,False,False,False,False,False,False,True,False,False,False,False,False,False,False,False,False,False,False,False,False,False,False,True,False,False,False,False,False,False,True,False,False,False,False,False,False,False,False,True,False,False,False,False,False,False,True,False,False,False,False,False,False,False,False,True,False,False,False,False,True,False
